name	fit_state	warnings	star_mask_used	noise_mask_used	chirality_maj	chirality_alenWtd	chirality_wtdPangSum	chirality_longestArc	badBulgeFitFlag	bulgeAxisRatio	bulgeMajAxsLen	bulgeMajAxsAngle	bulgeAvgBrt	bulgeDiskBrtRatio	numElpsRefits	diskAxisRatio	diskMinAxsLen	diskMajAxsLen	diskMajAxsAngleRadians	inputCenterR	inputCenterC	iptSz	muDist	muDistProp	covarFit	wtdLik	likOfCtr	brtUnifScore	gaussLogLik	contourBrtRatio	standardizedCenterR	standardizedCenterC	hasDeletedCtrClus	failed2revDuringMergeCheck	failed2revDuringSecondaryMerging	failed2revInOutput	fitQuality	cpu_time	wall_time	bar_candidate_available	bar_used	alenAt25pct	alenAt50pct	alenAt75pct	rankAt25pct	rankAt50pct	rankAt75pct	avgArcLength	minArcLength	lowerQuartileArcLength	medianArcLength	upperQuartileArcLength	maxArcLength	totalArcLength	totalNumArcs	chirality_votes_maj	chirality_votes_alenWtd	alenWtdPangSum	top2_chirality_agreement	pa_longest	pa_avg	pa_avg__abs	pa_avg_domChiralityOnly	pa_alenWtd_avg	paErr_alenWtd_stdev	pa_alenWtd_avg__abs	paErr_alenWtd_stdev__abs	pa_alenWtd_avg_domChiralityOnly	paErr_alenWtd_stdev_domChiralityOnly	pa_totBrtWtd	pa_avgBrtWtd	pa_alenWtd_median	pa_alenWtd_lowQuartile	pa_alenWtd_highQuartile	pa_alenWtd_lowDecile	pa_alenWtd_highDecile	pa_alenWtd_median_domChiralityOnly	pa_alenWtd_lowQuartile_domChiralityOnly	pa_alenWtd_highQuartile_domChiralityOnly	pa_alenWtd_lowDecile_domChiralityOnly	pa_alenWtd_highDecile_domChiralityOnly	sorted_agreeing_pangs	sorted_agreeing_arclengths	numArcs_largest_length_gap	numDcoArcs_largest_length_gap	numArcs_arclength_function_flattening	numDcoArcs_arclength_function_flattening	bar_score_img	bar_cand_score_orifld	bar_angle_input_img	bar_half_length_input_img	bar_angle_standardized_img	bar_half_length_standardized_img	numArcsGE000	numArcsGE010	numArcsGE020	numArcsGE040	numArcsGE050	numArcsGE055	numArcsGE060	numArcsGE065	numArcsGE070	numArcsGE075	numArcsGE080	numArcsGE085	numArcsGE090	numArcsGE095	numArcsGE100	numArcsGE120	numArcsGE140	numArcsGE160	numArcsGE180	numArcsGE200	numArcsGE220	numArcsGE240	numArcsGE260	numArcsGE280	numArcsGE300	numArcsGE350	numArcsGE400	numArcsGE450	numArcsGE500	numArcsGE550	numArcsGE600	numDcoArcsGE000	numDcoArcsGE010	numDcoArcsGE020	numDcoArcsGE040	numDcoArcsGE050	numDcoArcsGE055	numDcoArcsGE060	numDcoArcsGE065	numDcoArcsGE070	numDcoArcsGE075	numDcoArcsGE080	numDcoArcsGE085	numDcoArcsGE090	numDcoArcsGE095	numDcoArcsGE100	numDcoArcsGE120	numDcoArcsGE140	numDcoArcsGE160	numDcoArcsGE180	numDcoArcsGE200	numDcoArcsGE220	numDcoArcsGE240	numDcoArcsGE260	numDcoArcsGE280	numDcoArcsGE300	numDcoArcsGE350	numDcoArcsGE400	numDcoArcsGE450	numDcoArcsGE500	numDcoArcsGE550	numDcoArcsGE600	_
1237648702966988820	OK	lgspFitting_highErrPerLenForLongArc_1440.90|	unavailable	unavailable	Swise	Zwise	Swise	Zwise	true	0.7154931069	34.7743978	0.6505410472	0.9620360003	2.20773092	8	0.5661047919	128.2011303	226.4618356	0.7608301203	151.603629	151.3511644	[303_303]	0.760327323	0.005018662198	[326.905804_163.8827106163.8827106_310.7877203]	0.8953797728	0.0005811217175	0.4470588235	-3680491.129	1.011276473	128.2218659	128.9337636	false	false	false	false	0.2866173296	90.44	77.094042	false	false	210.9304888	132.8489745	65.22243817	2	4	9	87.50629491	22.88591741	39.059973	65.22243817	118.3191013	259.1404468	1487.607013	17	[9_8]	[659.3399916_828.2670219]	4944.921503	'agree'	-4.763706089	4.843035957	17.78180735	-13.7474446	3.324077836	19.1604247	14.48621776	12.97385306	-10.02386743	11.20412202	-6.013775708	-11.02611855	-4.158224049	10.34779536	-4.763706089	32.21710365	-16.4431559	-4.763706089	-4.158224049	-10.79658003	-4.158224049	-21.53891302	[4.763706089_4.158224049_16.4431559_4.609217017_44.21616476_3.453595941_21.53891302_10.79658003]	[259.1404468_210.9304888_93.78683612_72.50650105_65.22243817_48.60780275_39.08369191_38.98881627]	2	2	2	3	0.4099	5.6239	126.0924	108.2383	172.5000	121.0000	17	17	17	12	10	10	9	9	8	6	6	6	6	5	5	4	3	2	2	2	1	1	0	0	0	0	0	0	0	0	0	8	8	8	6	5	5	5	5	4	3	3	3	3	2	2	2	2	2	2	2	1	1	0	0	0	0	0	0	0	0	0	_
1237648702967054406	OK	lgspFitting_highErrPerLenForLongArc_1516.84|	unavailable	unavailable	Zwise	Swise	Swise	Swise	false	0.7910126711	19.25636941	1.397974026	0.946696962	2.453442559	9	0.7085220711	77.71081496	109.6801612	1.419289972	95.20151917	95.57713225	[189_189]	0.6113032059	0.006468816993	[52.890196_7.6551645357.655164535_101.8612582]	0.8849391566	0.002172502731	0.3882352941	-1762954.668	1.031018272	128.0401438	128.2116083	false	false	false	false	0.204766537	121.49	99.615124	false	false	107.3983338	89.80338288	65.77546615	2	6	12	75.42978898	23.52523436	33.38640873	61.2870754	88.32572419	417.2623945	1810.314935	24	[9_15]	[909.0288738_901.2860616]	3.134140308	'disagree'	0.5125050835	-1.1163286	19.32828632	24.28261029	0.001731267995	21.74971048	15.43081311	15.32774985	15.36681968	17.47628533	8.924403683	23.97760937	0.5125050835	-13.68994509	7.991626328	-20.00432901	35.31254445	7.991626328	0.5125050835	35.01738931	0.5125050835	36.36401341	[0.5125050835_35.31254445_50.76335888_10.79566459_15.19638948_26.5900011_7.991626328_36.36401341_35.01738931]	[417.2623945_99.45024295_89.80338288_78.36688535_76.65268285_51.10430807_40.81768988_31.61969627_23.95159108]	1	1	1	1	1.0143	5.3911	126.8193	32.5195	135.5000	94.0000	24	24	24	17	15	13	12	12	10	9	7	7	5	5	3	1	1	1	1	1	1	1	1	1	1	1	1	0	0	0	0	9	9	9	7	6	5	5	5	5	5	3	3	2	2	1	1	1	1	1	1	1	1	1	1	1	1	1	0	0	0	0	_
1237648702967251093	OK	lgspFitting_highErrPerLenForLongArc_5993.11|	unavailable	unavailable	Zwise	Zwise	Zwise	EQ	false	0.925053496	13.15411561	0.8971831191	0.9320465686	2.582554328	9	0.6986511062	53.25731632	76.22877263	-0.6680992212	65.67275595	64.79993809	[129_129]	0.7018727333	0.0108817478	[37.92561528_11.7489935511.74899355_32.30962977]	0.864278025	0.004778843519	0.5176470588	-834199.1516	1.043673946	126.8881272	129.2452474	false	false	false	false	0.2580340265	133.31	114.814588	false	false	453.3196223	82.91991431	35.40993274	1	4	11	56.25974984	12.67561168	22.30810197	28.51809725	72.23482803	453.3196223	1462.753496	26	[11_14]	[335.4473644_673.986509]	-10507.96971	'disagree'	0	-4.152035774	20.21575569	-22.62723493	-7.183691402	22.14589176	15.86376442	17.04074301	-25.00995652	17.53539394	-29.91822805	-23.96402277	0	-16.08019304	0	-45.46083057	15.52699666	-17.63681805	-8.223180865	-45.46083057	-6.235521203	-50.16026084	[8.223180865_25.08379126_50.16026084_45.46083057_16.08019304_52.26056455_6.235521203_4.705122405_41.7665819_26.1103313_12.8712278_17.63681805_0.8000146038_9.386850613]	[102.0315805_82.91991431_75.92874832_72.32658902_72.23482803_46.03365312_43.82368837_35.40993274_29.29457202_27.26341473_25.04459629_22.30810197_21.79106233_17.57582726]	1	5	1	3	1.0599	6.7438	257.7207	35.7969	26.0000	123.0000	26	26	22	9	7	7	7	7	7	5	4	3	3	3	2	1	1	1	1	1	1	1	1	1	1	1	1	1	0	0	0	14	14	13	7	5	5	5	5	5	3	2	1	1	1	1	0	0	0	0	0	0	0	0	0	0	0	0	0	0	0	0	_
1237648702968103043	OK	lgspFitting_highErrPerLenForLongArc_1212.17|	unavailable	unavailable	Swise	Zwise	Swise	Zwise	false	0.9311697397	15.44749208	-1.279432023	0.9393939394	2.391109537	9	0.8145070548	54.11764447	66.44220471	-0.1929697042	55.17531401	55.9651212	[110_110]	0.5672378005	0.01031341455	[35.11663187_2.2524862552.252486255_24.0292729]	0.8955888657	0.005418084834	0.4278431373	-493179.6185	1.023465967	128.502674	129.4619159	false	false	false	false	0.2586805556	128.65	108.946072	false	false	183.0128175	125.9176107	52.41669088	3	6	12	79.38896333	21.10703582	36.31009343	49.61589693	120.7017871	254.3562086	1984.724083	25	[15_10]	[901.9692232_1082.75486]	2051.307596	'agree'	-1.945719547	6.14608555	27.12303385	-26.22118538	1.033547995	27.44372795	22.52841122	15.70659458	-19.70038384	16.16078831	-14.87760884	-22.25767523	-1.945719547	27.68127475	-14.98872227	40.11708472	-30.09938043	-14.98872227	-7.515971874	-28.57948072	-1.945719547	-46.19276616	[1.945719547_14.98872227_28.57948072_30.09938043_7.515971874_46.19276616_64.50772283_11.36040653_36.72023745_20.30144598]	[254.3562086_201.7241824_183.0128175_125.9176107_118.9631792_59.15884264_49.61589693_38.97815232_29.57264895_21.4553207]	1	5	1	1	1.1020	6.5321	15.4437	21.8320	116.5000	93.0000	25	25	25	16	12	10	9	9	9	9	9	8	8	8	7	6	5	3	3	2	1	1	0	0	0	0	0	0	0	0	0	10	10	10	7	6	6	5	5	5	5	5	5	5	5	5	4	3	3	3	2	1	1	0	0	0	0	0	0	0	0	0	_
1237648702968103061	OK	lgspFitting_highErrPerLenForLongArc_1376.60|	unavailable	unavailable	Zwise	Zwise	Swise	Zwise	false	0.7507860522	19.31059529	1.461496309	0.9446899122	2.499176471	9	0.6828986661	75.0944258	109.9642297	1.450605772	93.87717392	92.89516567	[185_185]	0.8834162804	0.009550446275	[48.97780265_6.5635098146.563509814_102.5310971]	0.8818362406	0.002247105089	0.4588235294	-1693918.174	1.04196007	129.3725854	128.0512311	false	false	false	false	0.2033818694	125.89	106.17994	false	false	211.1735551	80.55110188	54.37972382	2	6	13	71.95289847	16.96642464	35.46124091	53.74107931	67.33975151	392.1065903	1942.728259	27	[13_14]	[898.392964_1044.335295]	3933.784989	'disagree'	-1.261571959	0.6898353508	20.23270024	-18.84490542	2.024876599	22.51215583	15.93553196	16.02985048	-12.93867181	13.35653554	-9.073073708	-19.26395516	-1.261571959	11.98948637	-16.3077161	34.40066099	-33.48429584	-6.004972907	-1.261571959	-18.85568762	-1.261571959	-34.58755375	[1.261571959_16.3077161_16.67979347_33.48429584_34.58755375_2.071947448_40.68066913_6.004972907_19.33932983_18.85568762_1.614208992_36.06291142_4.923445951_31.95457152]	[392.1065903_114.4748617_80.55110188_60.15679722_59.55084743_54.37972382_42.73843677_41.33537823_39.42125045_37.72062468_36.40449371_33.04470435_28.35312042_24.09736369]	1	1	3	3	1.6263	6.3704	65.6136	41.6250	72.5000	99.0000	27	27	26	16	14	12	11	7	6	6	6	5	5	5	4	3	2	2	2	2	1	1	1	1	1	1	0	0	0	0	0	14	14	14	8	6	5	4	3	3	3	3	2	2	2	2	1	1	1	1	1	1	1	1	1	1	1	0	0	0	0	0	_
1237648702968955007	OK	lgspFitting_highErrPerLenForLongArc_1080.67|	unavailable	unavailable	Zwise	Zwise	Swise	Zwise	false	0.8641237926	15.95998598	0.6836624684	0.9399887955	2.732871653	8	0.7789933705	68.48544004	87.91530536	-0.09811249019	71.27560138	70.16254964	[141_141]	0.8816344049	0.01250545255	[64.30452016_2.4739807092.473980709_39.41323489]	0.888475117	0.003144211836	0.3960784314	-790116.6328	1.034339315	127.8954241	129.5341444	false	false	false	false	0.1538461538	116.21	94.643627	false	false	131.311062	90.05579139	45.74525857	2	5	11	68.6321752	19.00240455	28.46719412	41.21315431	83.87277462	402.8329095	1647.172205	24	[10_14]	[644.244171_1002.928034]	4153.999362	'disagree'	-0.01382022154	-2.647069068	22.27617493	-21.36278057	2.521897437	21.2464966	15.56237032	14.68285444	-10.7085971	13.88358989	-3.479999157	-18.79384137	-0.01382022154	17.68584265	-13.62352338	33.71737235	-18.76037063	-4.545004858	-0.01382022154	-15.58150286	-0.01382022154	-30.23968058	[0.01382022154_15.58150286_0.8305714883_18.76037063_13.62352338_4.545004858_40.33809137_14.0177025_48.51332508_24.27957053_15.15296154_30.23968058_52.35389603_20.82890696]	[402.8329095_90.05579139_88.9136659_78.83188334_65.62283805_63.94024301_37.95570158_32.05174703_30.19584843_26.7385398_24.98183293_20.96587982_20.83874852_19.00240455]	1	1	2	1	0.8250	5.9751	266.3786	44.5000	2.0000	130.0000	24	24	23	12	10	10	10	9	8	8	6	6	5	4	4	2	1	1	1	1	1	1	1	1	1	1	1	0	0	0	0	14	14	13	6	6	6	6	5	4	4	3	3	2	1	1	1	1	1	1	1	1	1	1	1	1	1	1	0	0	0	0	_
1237648702971511000	OK	lgspFitting_highErrPerLenForLongArc_1055.45|	unavailable	unavailable	EQ	Swise	Zwise	Swise	false	0.8314053288	14.03690429	-1.22848352	0.9392156863	2.76143715	8	0.5704716219	47.49349177	83.25303125	-1.263700486	57.16007396	57.32288557	[113_113]	0.3603869658	0.006378530369	[21.75132_10.9225639510.92256395_52.72956161]	0.8802863923	0.004952903159	0.6156862745	-560125.5462	1.035050853	129.0589872	129.7903083	false	false	false	false	0.1943152455	106.55	89.73262	false	false	247.6130727	127.3220647	47.39150969	2	4	9	75.77934467	12.27805765	32.12145447	40.60001704	61.73393136	357.8662596	1667.145583	22	[11_11]	[1145.889596_521.2559868]	-1243.782346	'agree'	9.378376501	-4.438173224	18.80580064	14.36762741	-0.7460550293	20.59045582	15.76829674	13.26213735	10.92786949	8.767681767	9.333689523	13.1392335	7.54173873	-9.408981724	9.378376501	-31.53021164	12.27171347	9.378376501	7.54173873	12.27171347	1.041039024	21.70530095	[9.378376501_7.54173873_12.27171347_1.041039024_46.04024957_21.70530095_9.767544804_24.44891499_3.72158008_13.16305387_8.964389546]	[357.8662596_247.6130727_187.4345361_121.3387971_48.40571038_40.20648963_36.2177363_32.42010316_32.12145447_29.98737878_12.27805765]	1	1	3	1	0.6949	7.2657	207.0953	39.5117	9.5000	144.0000	22	22	20	12	7	7	6	5	5	5	5	5	5	5	5	5	3	3	3	2	2	2	1	1	1	1	0	0	0	0	0	11	11	10	6	4	4	4	4	4	4	4	4	4	4	4	4	3	3	3	2	2	2	1	1	1	1	0	0	0	0	0	_
1237648702972297393	OK	lgspFitting_highErrPerLenForLongArc_1124.27|	unavailable	unavailable	Swise	Zwise	Zwise	Zwise	true	0.7201138316	30.32403673	0.09525268527	0.9598937285	2.55213277	8	0.6500590991	92.14249274	141.7447935	-0.1320718192	102.3071605	100.3112796	[202_202]	1.436859183	0.01422632854	[175.881701_13.3916384713.39163847_76.85431597]	0.9187405283	0.001365247358	0.3529411765	-1583664.106	1.011031206	128.6871857	128.4148538	false	false	false	false	0.09310344828	82.43	71.680753	false	false	179.9206931	54.43521569	31.50556235	2	6	12	49.20234918	13.16192797	23.61427983	30.85902217	51.33065159	228.7007047	1230.058729	25	[14_11]	[457.9919632_772.0667662]	-2365.822447	'agree'	-15.5466505	3.569271143	21.90957379	-20.84125301	-1.923341049	22.12936461	18.17754721	12.76654989	-16.01239307	12.0953436	-12.21060314	-19.12332358	-0.375237356	14.20208896	-15.5466505	23.83293971	-26.42843671	-15.5466505	-1.409695134	-23.64823236	-0.375237356	-34.10677178	[15.5466505_0.375237356_26.42843671_14.56851412_34.10677178_21.92651935_23.64823236_39.56150507_42.90905338_1.409695134_8.77316729]	[228.7007047_179.9206931_88.881899_60.0228643_49.94450104_31.50556235_30.85902217_26.14727144_25.74686905_25.62537368_24.71200546]	2	2	4	3	0.7812	5.6037	58.9328	56.4180	156.5000	126.0000	25	25	23	10	7	5	4	3	3	3	3	3	2	2	2	2	2	2	1	1	1	0	0	0	0	0	0	0	0	0	0	11	11	11	5	4	4	4	3	3	3	3	3	2	2	2	2	2	2	1	1	1	0	0	0	0	0	0	0	0	0	0	_
1237648702972821696	OK	lgspFitting_highErrPerLenForLongArc_831.59|	unavailable	unavailable	EQ	Zwise	Zwise	Zwise	true	0.533894417	19.96400699	1.388751124	0.961822376	2.617666689	8	0.5364646376	49.96422381	93.13609939	1.337277875	57.74738626	58.95425901	[116_116]	0.8790783137	0.01515652265	[23.18372159_11.4045945511.40459455_68.41816563]	0.9050575767	0.004116993671	0.4470588235	-548387.9925	1.018259648	127.7362755	127.8763616	false	false	false	false	0.2006326254	105.33	88.353165	false	false	288.5608651	111.5392484	46.63060909	2	4	10	69.1006596	15.16000065	22.98355662	40.4942875	68.66834307	321.0633471	1658.41583	24	[12_12]	[477.4848445_1180.930986]	-6289.028509	'agree'	-9.614561719	5.077139397	23.4673843	-18.3902449	-3.792190351	23.38873892	19.54960452	13.38756061	-16.3897817	9.12133896	-13.07965614	-13.46403305	-9.614561719	7.110155498	-21.80870818	34.94104025	-21.83399837	-20.03531772	-9.614561719	-21.80870818	-5.502087836	-21.83399837	[9.614561719_21.80870818_5.502087836_20.03531772_21.83399837_21.58407661_40.20864651_2.640584956_47.54316657_12.87410377_0.43629557_16.60139099]	[321.0633471_288.5608651_149.9643434_111.5392484_108.5558776_67.77191363_38.26921923_22.00519431_20.58517651_19.19713097_18.25866902_15.16000065]	2	2	3	3	0.4645	6.1936	165.1204	29.3164	178.5000	81.0000	24	24	21	13	9	7	7	7	5	5	5	5	5	5	5	3	3	2	2	2	2	2	2	2	1	0	0	0	0	0	0	12	12	9	6	6	6	6	6	5	5	5	5	5	5	5	3	3	2	2	2	2	2	2	2	1	0	0	0	0	0	0	_
1237648702972952683	OK	lgspFitting_highErrPerLenForLongArc_2962.39|	unavailable	unavailable	Swise	Swise	Swise	Swise	false	0.785826239	19.79608295	1.046679706	0.9432525952	2.27126401	9	0.6690581844	87.33109843	130.5284061	1.291419501	114.5352559	113.565313	[227_227]	0.6895300635	0.006075154745	[73.01157737_21.8317719121.83177191_142.849263]	0.8538053541	0.0015922784	0.5803921569	-2731379.784	1.026396624	127.7225062	128.4757361	false	false	false	false	0.2693461308	151.83	124.43999	false	false	224.5259689	145.3872222	80.39162858	2	5	10	91.81912387	17.15332901	35.14662801	51.98393901	137.4103658	304.5170244	2020.020725	22	[12_10]	[1225.58716_794.4335654]	3814.992418	'agree'	3.544011956	2.370336284	25.34570132	25.4063678	1.888590731	22.28350037	19.13096114	11.58134231	17.32228103	12.8647921	10.92434752	19.86914881	3.544011956	-22.17432317	14.40520955	-24.93894081	31.04876891	14.2071846	7.551511513	24.14960581	3.544011956	39.84689241	[3.544011956_14.2071846_24.14960581_7.551511513_31.04876891_11.64861935_39.84689241_19.29259899_42.63319485_46.0190667_14.40520955_50.52974895]	[304.5170244_224.5259689_201.8322132_137.4103658_107.1175504_50.98193404_50.45058568_38.53927432_35.14662801_33.62718735_21.15709209_20.28133553]	1	1	1	1	0.7835	6.5517	358.4929	43.1211	14.5000	83.0000	22	22	21	15	14	10	10	10	10	10	10	9	9	9	8	7	5	3	3	3	2	1	1	1	1	0	0	0	0	0	0	12	12	12	7	7	5	5	5	5	5	5	5	5	5	5	4	3	3	3	3	2	1	1	1	1	0	0	0	0	0	0	_
1237648702973542688	OK	lgspFitting_highErrPerLenForLongArc_4087.46|	unavailable	unavailable	Zwise	Swise	Zwise	Swise	false	0.8767300387	13.09939525	1.325546798	0.9337946943	2.530582155	8	0.8838158995	78.38144507	88.68526253	-0.282269017	71.48346545	71.65442175	[142_142]	0.1553044386	0.002187386459	[65.23963528_3.8857874263.885787426_52.96787627]	0.8306255083	0.002704572976	0.8858823529	-701191.6244	1.015641626	127.7840875	127.9034924	false	false	false	false	0.2763466042	138.23	111.495198	false	false	505.3052494	62.58113486	35.56650266	1	3	10	54.16680382	11.53569752	18.2816136	33.34137613	42.92664098	505.3052494	1191.669684	22	[9_13]	[704.4113658_487.2583183]	-4883.256357	'disagree'	5.608608561	-7.398627853	19.75287257	15.09963243	-4.097827126	19.10130892	14.64576456	12.92879616	8.922099983	8.674786876	5.948215039	11.56709294	5.608608561	-13.86671597	5.608608561	-30.45317046	9.172257527	5.608608561	5.608608561	5.608608561	5.608608561	17.7913065	[5.608608561_35.09593274_9.172257527_17.7913065_0.1171933189_37.89694749_8.300402952_4.58969331_17.32434951]	[505.3052494_38.61169199_37.44911719_34.05691933_24.35671152_17.98206628_16.17923743_15.7246127_14.74575995]	1	1	1	1	1.3118	6.3933	64.8272	27.0156	171.0000	76.0000	22	22	16	6	4	4	3	2	1	1	1	1	1	1	1	1	1	1	1	1	1	1	1	1	1	1	1	1	1	0	0	9	9	5	1	1	1	1	1	1	1	1	1	1	1	1	1	1	1	1	1	1	1	1	1	1	1	1	1	1	0	0	_
1237648702974918838	OK	lgspFitting_highErrPerLenForLongArc_1929.10|	unavailable	unavailable	Zwise	Swise	Zwise	Swise	false	0.7504414689	14.19948248	-0.1389411312	0.948755973	2.342476243	9	0.6016936206	60.87911455	101.1795912	-0.2685289995	82.94716875	82.31628241	[164_164]	0.483437735	0.005895582134	[81.788973_13.975109413.9751094_34.84833392]	0.874324993	0.003079832257	0.4156862745	-1479705.752	1.038016311	127.6103803	127.8154492	false	false	false	false	0.2449655172	132.91	108.086608	false	false	233.9973733	125.5246989	50.62211073	2	5	10	78.86920707	16.56223978	32.58290178	42.39689292	110.1297932	315.9220866	1813.991763	23	[10_13]	[1084.958632_729.0331304]	-6109.970038	'agree'	0.1203681257	-3.790361983	22.10035838	21.05649586	-3.368245746	21.67392974	15.6372386	15.38119237	10.25654404	11.23842539	5.7481731	14.98373305	0.1203681257	-11.38523722	11.98636543	-41.63261771	13.3348913	11.98636543	0.1203681257	13.3348913	0.1203681257	13.3348913	[0.1203681257_11.98636543_13.3348913_3.622153382_12.01812008_10.1991094_25.34190933_55.72319587_41.62465482_36.59419083]	[315.9220866_233.9973733_191.5360353_116.5707678_90.80686939_40.91773978_28.07023072_26.77619381_23.79909553_16.56223978]	1	1	1	1	0.6141	5.7171	62.1144	32.9922	167.5000	107.0000	23	23	22	14	10	8	8	8	8	7	7	7	7	6	6	5	3	3	3	2	2	1	1	1	1	0	0	0	0	0	0	10	10	9	6	5	5	5	5	5	5	5	5	5	4	4	3	3	3	3	2	2	1	1	1	1	0	0	0	0	0	0	_
1237648702975180927	OK	lgspFitting_highErrPerLenForLongArc_920.76|	unavailable	unavailable	Zwise	Zwise	Zwise	EQ	false	0.7542491339	44.85851293	-0.3354727733	0.9477904103	2.674955721	7	0.7867042671	140.9378481	179.1497187	-0.3843873475	129.8478118	128.5870242	[259_259]	1.421148086	0.01097411649	[282.8091208_39.5879231539.58792315_200.9561708]	0.9020079187	0.0006746206652	0.3568627451	-2130998.002	1.021947966	128.6095954	127.8249265	false	false	false	false	0.2953391786	62.7	67.290513	false	false	447.1722642	447.1722642	36.73936381	1	1	5	68.38531659	9.319878522	24.14068835	30.6316623	41.78973101	447.1722642	889.0091156	13	[4_8]	[122.1707459_319.6661055]	-7755.994599	'disagree'	0	-14.30952128	21.46057514	-29.06320334	-8.724313916	17.88196831	11.91608497	15.93378055	-28.70104532	14.35513793	-29.72209275	-29.35092687	0	-15.04535974	0	-46.66437761	7.561603205	-28.24153134	-15.04535974	-46.66437761	-15.04535974	-48.96867408	[15.04535974_46.66437761_48.96867408_37.41924835_30.75276171_11.63578837_28.24153134_13.77788554]	[119.4538348_55.80540849_37.11783852_33.72028562_27.69844055_19.17709028_17.37332868_9.319878522]	1	1	3	2	1.3984	5.3424	339.4762	64.3398	91.5000	115.0000	13	12	10	3	3	3	2	2	2	2	2	2	2	2	2	1	1	1	1	1	1	1	1	1	1	1	1	0	0	0	0	8	7	5	2	2	2	1	1	1	1	1	1	1	1	1	0	0	0	0	0	0	0	0	0	0	0	0	0	0	0	0	_
1237648703503401151	OK	lgspFitting_highErrPerLenForLongArc_1136.32|	unavailable	unavailable	Zwise	Zwise	Zwise	Zwise	true	0.5562811766	30.5672717	1.331395529	0.9615024805	2.293129072	9	0.6162167218	99.92468555	162.1583479	1.478497844	135.5062839	134.4822561	[268_268]	1.006440343	0.007510748827	[91.01233301_13.4573393513.45733935_235.1548249]	0.8889650819	0.001090502831	0.4352941176	-3793625.213	1.025071384	129.1461484	128.1394138	false	false	false	false	0.1989681175	117.11	98.750906	false	false	199.4197622	101.2726281	66.4974541	2	6	11	69.20865255	18.73440818	25.00587767	43.50350121	92.61179336	293.092064	1799.424966	26	[11_15]	[716.3279656_1083.097001]	-7848.976478	'disagree'	-3.056769061	-6.968367029	20.44219348	-23.75581911	-4.361935965	23.32239072	16.6153748	16.93781906	-17.42553838	18.41239041	-14.06996979	-21.81098575	-3.056769061	7.820495726	-17.94156876	23.66148611	-48.21589791	-8.619069558	-3.056769061	-31.31918051	-2.507832256	-48.8010288	[3.056769061_2.507832256_3.421457718_55.06261422_48.21589791_17.94156876_18.53953226_19.15941238_31.31918051_8.619069558_37.94377572_15.71466861_12.77978611_33.25469272_48.8010288]	[293.092064_123.17767_122.4298693_92.61179336_82.33667653_71.33495481_66.4974541_44.3857592_33.52090386_32.31546454_28.63694401_26.53405276_24.81476915_22.6742169_18.73440818]	1	1	2	1	0.6697	4.9976	17.7117	58.6523	23.0000	91.0000	26	26	24	14	11	11	11	11	10	9	9	8	7	6	6	5	2	2	2	1	1	1	1	1	0	0	0	0	0	0	0	15	15	14	8	7	7	7	7	6	5	5	4	4	3	3	3	1	1	1	1	1	1	1	1	0	0	0	0	0	0	0	_
1237648703503794279	OK	lgspFitting_highErrPerLenForLongArc_873.31|	unavailable	unavailable	Swise	Zwise	Swise	Zwise	false	0.7891243196	22.0042189	-1.269643829	0.9473704714	2.536585394	8	0.8014608523	98.81725372	123.2964198	-0.6337684596	104.7278405	105.5504985	[209_209]	0.6141004862	0.005876559677	[116.9455117_22.8214801322.82148013_102.6633199]	0.8705652993	0.00148207323	0.4039215686	-1804663.087	1.025228492	128.9838092	128.6670004	false	false	false	false	0.244059742	110.76	95.479815	false	false	219.4365625	119.685933	43.91602742	2	5	12	65.65420418	13.56095107	28.97472072	40.44257857	67.44563486	255.2937445	1772.663513	27	[14_13]	[741.9411623_1030.72235]	98.74144993	'agree'	-6.442629815	0.3590641044	21.34719263	-21.79536424	0.05570230854	18.97499251	15.59760709	10.80592876	-13.3646891	12.3041726	-10.6724572	-18.37792836	-2.314846863	14.40615014	-12.83740762	21.15826039	-29.23906938	-6.442629815	-5.216536229	-19.22424461	-2.314846863	-32.39105991	[6.442629815_2.314846863_12.83740762_5.216536229_47.75348658_31.85954282_29.23906938_8.777951132_19.22424461_32.87060764_32.39105991_26.34678031_28.06557224]	[255.2937445_219.4365625_193.4871557_59.0847588_47.95048443_43.91602742_40.44257857_39.73098287_36.22873049_31.90767507_28.439104_19.20934245_15.59520357]	3	3	1	1	0.8323	6.8893	239.1877	41.5039	5.5000	85.0000	27	27	24	14	9	8	7	7	7	6	6	5	5	5	5	4	4	3	3	2	1	1	0	0	0	0	0	0	0	0	0	13	13	11	7	4	4	3	3	3	3	3	3	3	3	3	3	3	3	3	2	1	1	0	0	0	0	0	0	0	0	0	_
1237648703503794332	OK	lgspFitting_highErrPerLenForLongArc_1081.67|	unavailable	unavailable	EQ	Swise	Swise	Swise	true	0.6153946466	31.7658946	1.046003906	0.9664753706	2.561907317	8	0.6370377825	78.40062408	123.0706031	0.9885305635	81.74337253	82.52005942	[163_163]	0.5799305623	0.007115712421	[76.65271599_35.7286029135.72860291_107.3934335]	0.9288505893	0.00190497978	0.337254902	-944666.8026	1.010602112	128.6414304	129.1636932	false	false	false	false	0.1979725701	63.67	54.877745	false	false	177.1759635	66.46555484	35.33421768	2	5	12	54.61057726	13.28877417	28.3330444	35.12435935	53.50235666	234.4839943	1310.653854	24	[12_12]	[658.5854038_652.0684503]	4661.609141	'disagree'	1.272016547	4.161164152	17.16255958	21.32372374	3.556705019	17.85732873	12.88480053	12.86531209	16.36015807	15.1069106	9.225593487	20.61246573	1.272016547	-6.447767138	10.21177225	-10.03836947	33.85318823	10.21177225	1.272016547	32.43249169	1.272016547	39.39467349	[1.272016547_42.63137116_33.91281146_10.21177225_5.745610487_7.970255558_18.24345593_31.71827835_15.340238_32.43249169_22.55319516_33.85318823]	[234.4839943_66.46555484_61.42430499_37.99941294_36.13138342_35.33421768_34.91450102_34.80455275_34.40306673_31.69362608_29.93643551_20.99435358]	2	1	2	1	0.8080	5.3139	113.1386	60.5469	146.5000	139.0000	24	24	21	8	6	6	6	5	4	4	4	4	4	4	4	2	2	2	1	1	1	0	0	0	0	0	0	0	0	0	0	12	12	12	3	3	3	3	2	1	1	1	1	1	1	1	1	1	1	1	1	1	0	0	0	0	0	0	0	0	0	0	_
1237648703505629321	OK	lgspFitting_highErrPerLenForLongArc_2202.74|	unavailable	unavailable	Swise	Swise	Swise	Zwise	false	0.7998408528	17.27079868	0.7278357216	0.9379432624	2.551810693	8	0.8765817168	91.29999759	104.1545766	1.083835257	97.29179348	98.11224393	[193_193]	1.149882598	0.01191588184	[76.72176931_8.9711805718.971180571_88.91463999]	0.8236872509	0.00192092395	0.4117647059	-1653435.903	1.045955104	127.9706954	128.1714481	false	false	false	false	0.3217106531	120	99.07098	false	false	421.53972	116.7159501	43.01514459	1	4	10	71.06368706	18.65148365	30.90389357	40.72641315	62.8077548	421.53972	1563.401115	22	[13_9]	[782.3950537_781.0060616]	5491.671137	'disagree'	-1.973341633	0.05549828322	20.46013718	17.35938386	3.512643738	21.94602381	16.49112914	14.89997606	19.98601645	15.08280262	10.66200836	13.62069246	0.1019219781	-1.973341633	24.20350572	-26.97780865	36.06784018	24.20350572	1.651896107	36.06784018	0.1019219781	40.17801501	[0.1019219781_40.17801501_27.00024182_36.06784018_14.54356143_16.29384853_1.651896107_24.20350572_5.87583998_27.87950447_10.08141806_5.790758614_16.00363823]	[155.2624771_154.2264099_116.7159501_62.8077548_48.73619626_43.01514459_41.49031684_33.99300302_32.5774163_30.90389357_23.4419323_20.57307525_18.65148365]	1	3	1	5	1.3711	7.8033	13.5992	22.1523	41.5000	65.0000	22	22	21	11	8	6	6	5	5	5	4	4	4	4	4	3	3	1	1	1	1	1	1	1	1	1	1	0	0	0	0	13	13	12	7	4	4	4	3	3	3	3	3	3	3	3	2	2	0	0	0	0	0	0	0	0	0	0	0	0	0	0	_
1237648703506808952	OK	lgspFitting_highErrPerLenForLongArc_2195.71|	unavailable	unavailable	Swise	Zwise	Swise	Zwise	true	0.5845192738	20.35646238	-0.9287309111	0.9535160661	2.363394593	10	0.8290736112	134.7560553	162.538107	-1.236151165	185.2830228	186.8590173	[372_372]	1.268828946	0.006821660999	[175.3642349_23.586105523.5861055_234.9928892]	0.7892165756	0.0007844192244	0.5294117647	-9043456.257	1.062403075	128.0638126	128.2641145	false	false	false	false	0.3209976407	183.33	149.299018	false	false	360.384577	123.3747188	47.51069443	2	4	12	70.24159517	14.5554041	25.88000509	36.92050145	65.18835768	426.6229854	2037.00626	29	[18_11]	[853.3674203_1183.63884]	3252.136018	'agree'	-11.12162079	6.220407817	23.92547953	-23.33850362	1.596527258	24.37857541	20.76539265	12.870987	-16.49451568	10.83586128	-12.93536221	-20.8443326	-11.12162079	22.26982763	-11.84509913	38.92368499	-22.38782304	-11.84509913	-11.12162079	-19.8506302	-11.12162079	-25.05743872	[11.12162079_11.84509913_22.38782304_50.60512648_45.95081477_25.05743872_3.942410725_19.8506302_16.52329651_12.33156764_37.10771187]	[426.6229854_360.384577_123.3747188_48.11097942_48.09626279_47.51069443_41.4853082_25.95569527_25.65293454_21.88927981_14.5554041]	2	2	2	3	1.4484	6.5078	277.6738	39.9609	78.5000	62.0000	29	29	27	14	9	8	8	7	7	7	6	5	5	4	4	4	2	2	2	2	2	2	2	2	2	2	1	0	0	0	0	11	11	10	7	3	3	3	3	3	3	3	3	3	3	3	3	2	2	2	2	2	2	2	2	2	2	1	0	0	0	0	_
1237648703507136650	OK	lgspFitting_highErrPerLenForLongArc_938.43|	unavailable	unavailable	Swise	Zwise	Swise	Zwise	false	0.9935344142	22.09267946	0.1273983032	0.9244917915	3.4732787	8	0.9239474286	57.60179228	62.34314907	-0.4444725627	53.70687945	54.547934	[106_106]	1.068159525	0.0201539533	[30.45528573_1.7780338241.778033824_27.568727]	0.9191949229	0.005465416588	0.4156862745	-423533.5555	1.014330455	127.4125395	130.0731957	false	false	false	false	0.1154811715	81.45	67.730301	false	false	405.8416846	77.61361114	41.33106207	1	3	9	62.41585048	16.51841802	25.67117596	40.1735833	54.40603517	405.8416846	1185.901159	19	[10_9]	[403.8672272_782.033932]	1086.300475	'agree'	-0.4523593521	5.260634085	18.77672435	-14.26698417	0.9160126599	20.18666043	13.96866895	14.60193913	-9.896731839	12.78360926	-4.290744882	-11.15819085	-0.4523593521	10.10551151	-6.924104407	31.70013959	-33.83290688	-0.4523593521	-0.4523593521	-16.67568073	-0.4523593521	-33.83290688	[0.4523593521_33.83290688_3.424905526_16.67568073_6.924104407_26.36678454_21.28852871_11.07631424_8.361273115]	[405.8416846_128.0092009_54.92322197_52.85447476_41.33106207_35.3103102_27.12023625_20.12532322_16.51841802]	1	1	2	2	1.0177	6.1011	51.0336	26.1523	166.5000	128.0000	19	19	17	10	6	4	4	4	4	4	2	2	2	2	2	2	1	1	1	1	1	1	1	1	1	1	1	0	0	0	0	9	9	8	5	4	2	2	2	2	2	2	2	2	2	2	2	1	1	1	1	1	1	1	1	1	1	1	0	0	0	0	_
1237648703507464370	OK	lgspFitting_highErrPerLenForLongArc_890.34|	unavailable	unavailable	Zwise	Zwise	Zwise	Zwise	false	0.8597058946	18.18863116	0.2255562931	0.9457983193	2.672755489	8	0.8836187261	66.56679429	75.33429558	0.9628049401	61.28774013	60.80997193	[121_121]	0.3448261175	0.005699605248	[39.87417773_4.8084910574.808491057_43.43720303]	0.9020496197	0.003845117945	0.4078431373	-516817.4192	1.022311356	130.1007451	128.5440228	false	false	false	false	0.1935151827	96.45	82.791239	false	false	202.2188857	67.8829029	39.40328495	2	6	13	57.51011256	15.73850281	24.93704423	38.48052027	60.88944628	266.2349734	1495.262926	26	[12_14]	[430.3426194_1064.920307]	-5079.555997	'agree'	-12.90325424	1.356345705	23.70962441	-20.75661594	-3.397098869	25.94120098	21.46643652	14.95587818	-17.45554218	13.52214165	-14.78659952	-17.31422544	-7.281006439	12.06418257	-12.90325424	40.46247223	-37.95039645	-12.90325424	-6.522646912	-26.54892019	-6.305757061	-42.05582604	[12.90325424_6.305757061_42.05582604_7.281006439_6.522646912_37.95039645_32.97282969_14.45946326_7.81082861_48.01230533_3.23595886_21.77312445_26.54892019_22.76030563]	[266.2349734_202.2188857_103.3891145_99.49446326_68.00953809_58.87007505_52.24485961_44.4314072_37.55775558_35.89236603_26.40048748_26.01775565_23.57357034_20.58505508]	2	2	2	2	1.1677	5.6790	73.6647	25.2656	108.5000	84.0000	26	26	23	12	10	8	7	6	4	4	4	4	4	4	3	2	2	2	2	2	1	1	1	0	0	0	0	0	0	0	0	14	14	14	8	7	6	5	5	4	4	4	4	4	4	3	2	2	2	2	2	1	1	1	0	0	0	0	0	0	0	0	_
1237648703508643959	OK	lgspFitting_highErrPerLenForLongArc_2260.36|	unavailable	unavailable	Swise	Swise	Zwise	Swise	false	0.7748408091	15.73434009	0.9663169643	0.9425882353	2.643054356	8	0.5369718199	54.28485242	101.0944158	0.9011733606	70.94747876	71.00989611	[141_141]	0.0534454289	0.0007580911901	[47.69439861_29.3651159429.36511594_61.54177448]	0.877685578	0.00349559419	0.4	-980280.6798	1.02520664	128.3340032	128.3375518	false	false	false	false	0.2425517	116.88	99.351831	false	false	413.2382654	131.0830775	54.49294791	1	4	9	78.38191047	21.54680838	29.93272518	48.39305301	77.88565181	413.2382654	1646.02012	21	[13_8]	[1152.235385_493.7847346]	-992.2189904	'agree'	0.8638005385	0.9461293706	20.58046676	17.3868661	-0.6027988227	19.35673815	13.61082098	13.7765101	9.291272625	11.98165168	3.325877518	13.46142685	0.8638005385	-14.65138004	6.1201381	-27.04926799	24.84384533	5.333446933	0.8638005385	10.12815822	0.8638005385	24.84384533	[0.8638005385_6.1201381_3.802676133_24.84384533_17.94309212_5.333446933_49.51991854_32.10166472_20.19209619_10.12815822_7.240397577_42.1860809_5.753944036]	[413.2382654_203.1010699_131.0830775_79.08471551_75.49181893_53.71774405_35.54580137_30.47096579_30.40334804_28.52085659_25.01807041_25.01284335_21.54680838]	1	1	2	3	1.0639	5.8119	88.6334	32.9922	127.0000	82.0000	21	21	21	13	10	8	8	8	7	7	4	4	4	4	4	4	2	2	2	2	1	1	1	1	1	1	1	0	0	0	0	13	13	13	6	6	5	5	5	5	5	3	3	3	3	3	3	2	2	2	2	1	1	1	1	1	1	1	0	0	0	0	_
1237648703509364817	OK	lgspFitting_highErrPerLenForLongArc_1334.36|	unavailable	unavailable	Zwise	Zwise	Zwise	Zwise	true	0.5820366832	30.7477126	-1.536587914	0.9649232441	2.49111048	8	0.374081409	68.42508373	182.914954	-1.330289174	93.25717259	92.85953548	[186_186]	0.684952514	0.007365080796	[55.65706394_58.6744853258.67448532_280.5062756]	0.9058037584	0.001425280228	0.3843137255	-1603991.148	1.015568935	128.1366425	128.0041397	false	false	false	false	0.288815479	59.23	51.65653	false	false	293.9238039	109.0276719	89.71446103	1	3	5	88.22827752	13.2881619	33.33204434	56.72269079	108.6317118	293.9238039	970.5110528	11	[3_8]	[166.9201099_803.5909429]	-9262.265491	'agree'	-4.417605856	-9.740447001	22.89111012	-22.43419552	-9.543699131	16.77004073	14.63634886	12.57353377	-14.60133668	11.73115254	-11.3249373	-19.68249292	-10.69215481	-4.417605856	-11.34918102	11.49938353	-34.79735302	-10.69215481	-4.417605856	-24.96514538	-4.417605856	-34.79735302	[4.417605856_10.69215481_11.34918102_34.79735302_27.21315665_40.0436865_24.96514538_25.99528091]	[293.9238039_171.3816286_107.4438313_89.71446103_56.72269079_39.58836941_31.527996_13.2881619]	1	1	2	2	0.5139	6.0724	349.7800	68.6523	156.0000	105.0000	11	11	9	6	6	6	5	5	5	5	5	5	4	4	4	2	2	2	1	1	1	1	1	1	0	0	0	0	0	0	0	8	8	7	5	5	5	4	4	4	4	4	4	3	3	3	2	2	2	1	1	1	1	1	1	0	0	0	0	0	0	0	_
1237648703509627162	OK	lgspFitting_highErrPerLenForLongArc_761.64|	unavailable	unavailable	Zwise	Zwise	Zwise	Zwise	false	0.9701930665	12.47923458	0.478531952	0.93080538	2.654529413	8	0.8499159208	55.09763231	64.82715638	1.341642349	54.68742408	53.99159285	[107_107]	0.6874754838	0.01285000904	[24.92468586_2.0780282692.078028269_33.3489573]	0.8806245131	0.005495508093	0.5137254902	-444443.4087	1.043078512	127.1109165	129.9806183	false	false	false	false	0.1674666667	134.41	110.206498	false	false	498.0276211	195.942109	74.41538085	1	3	8	86.64157799	14.55100016	25.11656458	51.63328342	80.65962251	498.0276211	1732.83156	20	[6_14]	[266.3764966_1466.455063]	-12988.33255	'agree'	-4.388369875	-6.004401343	19.95535716	-18.54268464	-7.495438596	18.6276537	14.9799162	13.37060929	-13.27896268	13.36622958	-11.40886002	-17.72394044	-4.388369875	-2.72004281	-17.12021635	25.06083372	-30.3559567	-4.388369875	-4.388369875	-19.52996082	-2.72004281	-33.80402639	[4.388369875_2.72004281_17.12021635_21.54696982_33.80402639_53.60383042_4.987705311_19.52996082_4.081194616_30.3559567_17.94122152_25.52670856_21.59604641_2.395335413]	[498.0276211_211.4994876_195.942109_102.6426741_84.04703158_77.27221344_75.54156747_52.76337484_50.07870213_32.34068863_27.99935401_22.23377515_21.51546392_14.55100016]	1	1	1	1	0.9085	6.0825	147.3704	20.9375	160.5000	84.0000	20	20	17	12	12	9	9	8	8	7	5	4	4	4	4	3	3	3	3	2	1	1	1	1	1	1	1	1	0	0	0	14	14	13	9	9	7	7	7	7	7	5	4	4	4	4	3	3	3	3	2	1	1	1	1	1	1	1	1	0	0	0	_
1237648703510216885	OK	lgspFitting_highErrPerLenForLongArc_5774.56|	unavailable	unavailable	Zwise	Zwise	Zwise	Zwise	false	0.8225743618	14.66717914	1.529548646	0.9332498957	2.343694193	9	0.8958162316	85.2059458	95.1154297	-1.468399524	90.90036138	92.30466919	[182_182]	1.003523285	0.01102772841	[62.1092075_1.550405861.55040586_77.03809283]	0.8493278476	0.00228147929	0.4745098039	-1531583.598	1.03149641	128.6970409	128.8076177	false	false	false	false	0.2356828194	105.43	89.344448	false	false	400.699798	88.32491262	73.10998957	1	4	9	78.5894836	16.54599289	29.78858921	70.63597652	79.69022072	400.699798	1493.200188	19	[9_10]	[580.8368418_912.3633466]	-2613.980096	'disagree'	-0.1920929954	-2.351038512	19.65404345	-20.90482786	-1.750589182	20.81351828	14.77984062	14.758842	-13.52708928	17.50367418	-4.851999919	-19.28545341	-0.1920929954	15.98735537	-11.23574429	22.16817133	-44.18307024	-3.84553459	-0.1920929954	-19.25911832	-0.1920929954	-45.35254042	[0.1920929954_3.84553459_45.35254042_44.18307024_19.25911832_12.48934114_11.23574429_48.95145676_4.598016378_18.94136345]	[400.699798_88.32491262_80.22746321_78.07849327_76.71463937_74.0504893_33.78675191_31.61956089_29.17826532_19.68297273]	1	1	5	3	1.2080	6.3204	356.3669	43.1953	170.5000	129.0000	19	19	16	11	10	10	10	10	10	7	5	4	3	3	3	2	2	2	2	2	1	1	1	1	1	1	1	0	0	0	0	10	10	9	6	6	6	6	6	6	5	3	2	1	1	1	1	1	1	1	1	1	1	1	1	1	1	1	0	0	0	0	_
1237648703510478979	OK	lgspFitting_highErrPerLenForLongArc_4063.86|	unavailable	unavailable	Swise	Zwise	Zwise	Zwise	true	0.7235802373	15.8091243	0.3510381861	0.9562908497	2.319153005	9	0.6912560233	60.14088107	87.00232481	0.001949112048	70.45132363	70.61122235	[140_140]	0.1214075786	0.00173439398	[62.58549681_0.063696874330.06369687433_29.90571744]	0.8902958968	0.003655890189	0.6509803922	-900819.8319	1.011233496	128.1905567	127.5078613	false	false	false	false	0.2347888332	158.71	128.062229	false	false	472.5726189	68.34105761	55.76132757	1	5	11	71.33834715	18.15464217	33.23550832	55.76132757	66.00107025	472.5726189	1498.10529	21	[11_10]	[512.7695424_985.3357477]	-320.5663121	'agree'	-5.082528903	6.48715938	26.67146984	-21.19352598	-0.2139811629	26.61779131	21.04559738	16.29832609	-16.16154044	14.52775408	-9.289776245	-21.76184597	-5.082528903	15.31201759	-20.23927416	47.22997331	-40.54664408	-5.082528903	-5.082528903	-23.29081962	-5.082528903	-40.54664408	[5.082528903_40.54664408_22.90434914_20.23927416_23.29081962_48.41931352_3.198316218_10.60448434_26.82006919_10.82946064]	[472.5726189_118.2632918_70.00933519_63.64188726_63.05745901_55.76132757_51.64513839_34.60752057_33.21461633_22.56255276]	1	1	2	3	0.8078	6.5666	285.6117	38.9375	15.5000	127.0000	21	21	20	13	13	12	8	6	4	2	2	2	2	2	2	1	1	1	1	1	1	1	1	1	1	1	1	1	0	0	0	10	10	10	7	7	6	5	3	3	2	2	2	2	2	2	1	1	1	1	1	1	1	1	1	1	1	1	1	0	0	0	_
1237648703511134403	OK	lgspFitting_highErrPerLenForLongArc_1085.18|	unavailable	unavailable	Zwise	Zwise	Zwise	Zwise	false	0.8943995902	15.06974423	-0.232308773	0.9323157111	2.406051226	9	0.98025479	53.38828084	54.46367759	0.5062622968	55.8121098	55.62308392	[110_110]	0.3355028752	0.006100052276	[23.33101875_0.3904647320.390464732_22.84329351]	0.8929789075	0.006868394146	0.4	-588886.1809	1.018853974	129.9573239	128.5828529	false	false	false	false	0.2249357326	167.56	134.90386	false	false	354.5748286	171.2723001	64.75820185	2	3	8	95.1921889	16.15392509	35.16048728	55.22097804	94.82867519	434.5540554	1808.651589	19	[7_12]	[463.6443036_1345.007286]	-6424.601812	'agree'	-9.2292272	-1.069518826	21.05968478	-17.51895286	-3.552150038	20.5515764	15.60349953	13.83892571	-12.87944549	10.39036938	-9.436021377	-14.28944555	-6.423685088	3.377338852	-9.2292272	26.34295709	-27.30202373	-9.2292272	-6.423685088	-12.8083416	-6.423685088	-33.35188324	[9.2292272_6.423685088_36.02099609_0.129154788_33.35188324_23.15944113_7.13101725_3.917727986_12.8083416_26.89263428_23.86130191_27.30202373]	[434.5540554_354.5748286_102.0822886_73.06783492_70.75286491_64.75820185_59.37110046_53.79908052_43.47369237_39.60453306_30.33231672_18.63648811]	2	2	3	3	1.0200	6.1558	45.5067	24.0469	106.5000	133.0000	19	19	17	13	11	10	8	7	7	5	5	5	5	5	5	3	3	3	2	2	2	2	2	2	2	2	1	0	0	0	0	12	12	11	9	8	7	6	5	5	3	3	3	3	3	3	2	2	2	2	2	2	2	2	2	2	2	1	0	0	0	0	_
1237648703511265430	OK	lgspFitting_highErrPerLenForLongArc_867.47|	unavailable	unavailable	Swise	Zwise	Zwise	Zwise	true	0.7131759195	17.39172973	-0.7572943245	0.9474279123	2.594574066	8	0.7701073752	79.89969513	103.7513699	-0.9064003392	82.47254233	83.5195824	[163_163]	1.591360081	0.01952589056	[68.79827794_18.1743749318.17437493_77.77068088]	0.882442478	0.002208803641	0.4392156863	-1021185.413	1.027098246	129.4559743	129.0043566	false	false	false	false	0.1861126921	100.94	85.245197	false	false	441.3247407	123.6699124	49.97223879	1	4	9	70.73032415	16.8068301	23.34739007	38.91629026	65.66968857	441.3247407	1556.067131	22	[12_10]	[479.2391059_1076.828025]	-4607.942078	'agree'	-4.072707184	-0.09543778273	17.95355755	-19.85389487	-2.961274604	20.03587882	15.0067018	13.60163551	-12.9822854	12.59577939	-9.11809619	-19.6732179	-4.072707184	0.7839149535	-16.3036576	31.76167575	-28.82508149	-4.753066746	-4.072707184	-18.19925432	-4.072707184	-32.68491206	[4.072707184_4.753066746_28.82508149_16.3036576_3.734211653_40.56227945_32.68491206_43.73712281_5.666655355_18.19925432]	[441.3247407_146.3122366_134.64946_123.6699124_59.61308082_49.97223879_46.38066328_29.36962305_23.09912627_22.43694356]	1	1	3	2	0.8292	5.7482	4.0671	45.5273	146.0000	111.0000	22	22	19	11	8	8	6	6	5	5	5	5	5	5	5	5	2	1	1	1	1	1	1	1	1	1	1	0	0	0	0	10	10	10	7	5	5	4	4	4	4	4	4	4	4	4	4	2	1	1	1	1	1	1	1	1	1	1	0	0	0	0	_
1237648703511265544	OK	lgspFitting_highErrPerLenForLongArc_3242.48|	unavailable	unavailable	EQ	Swise	Zwise	Swise	false	0.8383651433	15.45820694	-0.8935610207	0.9371292107	2.757778802	7	0.7194785068	54.91572057	76.32711756	-1.457352747	47.57191098	47.29761452	[94_94]	0.2147814476	0.004569818034	[24.84249055_2.5728520522.572852052_47.13155756]	0.8638342418	0.004612118202	0.4392156863	-248524.1196	1.032718567	128.2958348	130.0147928	false	false	false	false	0.2486368593	117.9	97.344749	false	false	443.8780146	96.05750534	42.24517697	1	3	8	65.96343034	19.40809923	26.72881229	30.90642119	54.75561612	443.8780146	1187.341746	18	[9_9]	[816.1355452_371.2062008]	-142.2854909	'agree'	2.547258888	-2.630260408	20.14689816	17.51663775	-0.1198353308	17.0081719	13.24067005	10.67599778	9.544318276	9.658884512	4.995966198	16.37064608	2.547258888	-16.6197244	12.352192	-23.74015723	18.89576138	2.547258888	2.547258888	12.352192	2.547258888	29.8852497	[2.547258888_12.352192_10.28709516_34.83832231_13.59630222_29.8852497_20.78395569_18.89576138_14.46360244]	[443.8780146_128.2744439_62.05464658_54.75561612_30.29520604_29.20026994_27.95327773_19.91485078_19.80921952]	1	1	1	2	1.2788	6.7149	242.9998	27.1562	56.5000	96.0000	18	18	15	8	6	4	4	3	3	3	3	3	3	3	2	2	1	1	1	1	1	1	1	1	1	1	1	0	0	0	0	9	9	7	4	4	3	3	2	2	2	2	2	2	2	2	2	1	1	1	1	1	1	1	1	1	1	1	0	0	0	0	_
1237648703511789676	OK	lgspFitting_highErrPerLenForLongArc_2538.41|	unavailable	unavailable	Swise	Zwise	Zwise	EQ	true	0.7155815694	11.35837985	1.18588636	0.9466022025	2.407571434	9	0.9313839755	75.29688596	80.84408573	-1.365711216	80.12368267	80.56946307	[160_160]	0.382674599	0.004783432488	[47.68613452_1.443355541.44335554_54.32479147]	0.8482919799	0.003100803835	0.6352941176	-1223789.934	1.014542528	128.3777447	127.1699803	false	false	false	false	0.241622575	156.62	126.553039	false	false	153.9478026	70.65163853	46.77543597	2	6	14	60.37760141	15.11349779	22.88921669	43.60968322	66.63691033	381.9220834	1811.328042	30	[16_13]	[710.1933048_719.2126542]	-1585.473681	'disagree'	0	0.6842070224	19.77297644	-22.02550318	-0.8753100728	20.28437825	15.43783663	13.18693933	-20.54222761	9.641348218	-20.81301527	-23.95252359	0	-20.28391005	11.51602317	-23.07260602	26.62087334	-20.47385935	-16.15932428	-23.07260602	-3.427490642	-36.84191855	[20.47385935_20.28391005_23.07260602_36.84191855_3.427490642_11.23435154_16.15932428_33.77586214_24.23213311_2.476193374_22.51483489_37.61820813_34.22084922]	[153.9478026_114.6414543_61.94453939_61.79327288_61.4682328_60.46159677_46.77543597_30.56107559_30.19383681_29.571724_24.63064089_21.9457589_21.27728321]	1	2	3	2	1.3508	7.2288	233.7505	24.3164	42.0000	75.0000	30	30	26	16	13	13	13	8	6	5	5	5	4	4	3	2	2	1	1	1	1	1	1	1	1	1	0	0	0	0	0	13	13	13	7	6	6	6	2	2	2	2	2	2	2	2	1	1	0	0	0	0	0	0	0	0	0	0	0	0	0	0	_
1237648703513165966	OK	lgspFitting_highErrPerLenForLongArc_4641.20|	unavailable	unavailable	Zwise	Zwise	Zwise	EQ	false	0.8064611283	15.12542313	1.393532756	0.9248594543	2.593249947	8	0.7955727699	50.85673572	63.92468124	0.8974280111	47.59893659	48.85401076	[96_96]	0.9681109862	0.02016897888	[25.35454952_5.849060645.84906064_28.02038784]	0.8637936153	0.005886131592	0.5450980392	-326402.782	1.044004504	127.2624433	127.9255309	false	false	false	false	0.2428909953	100.74	87.074773	false	false	456.1488835	89.4518816	47.81703792	1	4	10	72.44741397	16.31555223	38.6139322	47.57039524	64.79229489	456.1488835	1448.948279	20	[9_10]	[426.5592546_566.2401413]	-5581.947337	'disagree'	0	-2.75587808	21.06835853	-23.82423661	-3.852413103	22.25086051	16.21902017	15.71258302	-25.68033117	15.282343	-21.2940443	-20.17744546	0	-16.34037928	13.20066996	-40.25130745	29.66939091	-30.85947654	-8.628460576	-40.25130745	-3.959352976	-40.25130745	[40.25130745_3.959352976_31.09998333_8.628460576_30.85947654_37.33086688_16.34037928_48.79669811_18.18757763_2.788263328]	[126.1241355_89.4518816_62.41838337_60.41084026_54.61087476_47.81703792_46.83975754_40.68112011_20.87778083_17.00832945]	1	1	2	2	0.9773	6.3516	101.9188	21.3281	140.5000	84.0000	20	20	18	14	9	8	7	5	4	4	4	4	3	2	2	2	1	1	1	1	1	1	1	1	1	1	1	1	0	0	0	10	10	9	8	5	4	4	2	2	2	2	2	1	1	1	1	0	0	0	0	0	0	0	0	0	0	0	0	0	0	0	_
1237648703513428079	OK	lgspFitting_highErrPerLenForLongArc_1515.89|	unavailable	unavailable	Swise	Zwise	Zwise	EQ	true	0.7035602426	12.06681607	0.3740721864	0.960251755	2.773227983	8	0.7585130188	48.63091671	64.11348982	0.2137478363	48.584872	49.20504388	[96_96]	0.7101338836	0.01479445591	[32.15967976_2.8861707832.886170783_19.48973927]	0.9001712277	0.006369500908	0.4	-342149.5509	1.01784012	129.0924908	130.1380819	false	false	false	false	0.1400933956	103.29	94.730566	false	false	130.3647829	67.14444474	43.04658298	2	6	14	58.24651416	15.46399518	30.64260386	42.05161094	54.98888341	388.8350253	1630.902396	28	[14_13]	[580.8697282_661.1976431]	-1932.822676	'disagree'	0	2.362825408	24.86154224	-24.22938736	-1.185124677	25.62669583	19.75352262	16.36857977	-25.82351163	11.2454836	-24.99749207	-22.95690423	0	-20.23728806	13.56523205	-39.32233604	36.52086303	-22.53272162	-19.58773745	-39.32233604	-11.7059368	-39.55555147	[19.58773745_23.82859255_39.32233604_41.11669053_37.56112224_39.55555147_19.97244218_20.23728806_22.53272162_11.7059368_1.137753859_10.78299696_27.64086591]	[97.463516_77.34818555_67.14444474_56.62270775_53.35505907_52.3635099_50.32292939_47.7043505_43.86644422_35.16722315_33.95652773_23.66541326_22.21733181]	1	1	4	1	1.3251	6.0722	50.2468	27.7422	128.0000	111.0000	28	28	25	15	11	7	6	6	4	4	3	3	3	3	2	2	1	1	1	1	1	1	1	1	1	1	0	0	0	0	0	13	13	13	9	7	4	3	3	2	2	1	1	1	1	0	0	0	0	0	0	0	0	0	0	0	0	0	0	0	0	0	_
1237648703515590916	OK	lgspFitting_highErrPerLenForLongArc_673.89|	unavailable	unavailable	Swise	Swise	Swise	Swise	true	0.7397343488	19.58450128	0.5341836514	0.9587973856	2.569435783	8	0.5722786615	80.06804024	139.9109309	0.108836781	92.31284976	92.07244267	[184_184]	0.4667231274	0.005073077472	[169.7376352_12.4242144812.42421448_57.39174825]	0.8984210523	0.001613178131	0.3529411765	-1348889.997	1.020845046	128.4234847	128.7125195	false	false	false	false	0.2543745103	75.07	62.864155	false	false	388.0713335	55.58305747	36.09888414	1	5	12	53.52928989	14.69313261	22.57091706	35.40498558	50.54480356	388.0713335	1338.232247	25	[14_11]	[958.3257203_379.906527]	7802.635699	'agree'	3.708507501	3.7113375	18.64101432	19.95745698	5.830554237	18.53109524	14.79016142	12.59555392	14.39766567	11.83536964	8.660963311	15.61420185	3.708507501	-1.187189876	14.14838255	-23.22293448	31.67447754	13.48385569	3.708507501	26.34063241	3.708507501	31.67447754	[3.708507501_14.14838255_31.67447754_13.48385569_31.35280124_34.1702175_26.41989822_20.3510737_42.18556174_12.90230932_26.34063241_3.594036039_5.69732491_13.3753194]	[388.0713335_153.7912501_61.09463098_55.58305747_50.02083314_41.8578718_38.13041189_36.09888414_35.40498558_26.15993804_21.64583916_21.04764652_14.72590542_14.69313261]	1	1	3	2	0.6896	5.6683	302.7359	52.3242	26.5000	116.0000	25	25	22	10	7	5	3	2	2	2	2	2	2	2	2	2	2	1	1	1	1	1	1	1	1	1	0	0	0	0	0	14	14	12	6	5	4	3	2	2	2	2	2	2	2	2	2	2	1	1	1	1	1	1	1	1	1	0	0	0	0	0	_
1237648703516115180	OK	lgspFitting_highErrPerLenForLongArc_1257.31|	unavailable	unavailable	Swise	Swise	Swise	Swise	true	0.6421207819	17.59478112	1.390944262	0.9587738893	2.595992525	9	0.5922803588	51.28102688	86.58235261	1.409968827	65.98187892	66.56494111	[133_133]	1.107179646	0.01664931798	[22.51346531_6.2875026146.287502614_60.25050034]	0.9092969407	0.004319111357	0.4274509804	-915632.9198	1.02020381	128.6710086	127.5257996	false	false	false	false	0.2488174078	109.71	94.246836	false	false	179.0085827	85.36825948	51.79906468	2	6	12	71.62109966	13.67620625	35.75930632	50.75211359	84.72389186	307.5033086	1718.906392	24	[14_10]	[1226.444064_492.4623281]	8336.331139	'agree'	6.796258196	-0.3982668033	21.17361566	17.80744188	4.849787736	24.58564914	20.81876465	13.94824804	17.98770937	12.81072514	15.43388672	18.4508613	10.02595311	-13.89132522	17.3265098	-31.21107976	29.62953208	13.48591522	6.796258196	29.62953208	6.796258196	34.56433094	[6.796258196_29.62953208_10.02595311_17.3265098_48.5628327_13.48591522_12.58439275_20.53040102_14.30733418_34.56433094_2.051275124_24.25786632_0.08534373136_15.09624111]	[307.5033086_179.0085827_128.731974_106.9324263_101.3963378_68.50986075_65.73452608_61.56022289_51.79906468_49.7051625_34.92357974_34.85333215_22.10947935_13.67620625]	1	1	3	3	0.8596	6.1641	15.2853	35.1133	24.5000	105.0000	24	24	22	16	12	11	11	10	7	7	7	6	5	5	5	3	2	2	1	1	1	1	1	1	1	0	0	0	0	0	0	14	14	13	10	9	8	8	7	5	5	5	5	5	5	5	3	2	2	1	1	1	1	1	1	1	0	0	0	0	0	0	_
1237648703516442877	OK	lgspFitting_highErrPerLenForLongArc_2291.35|	unavailable	unavailable	Swise	Swise	Swise	Swise	true	0.7153296415	15.97675267	0.06074114648	0.9607294666	2.626383033	8	0.7739839804	66.22745294	85.56695567	-1.234973789	64.98093832	64.11662114	[129_129]	0.883584491	0.01369898436	[39.12219932_7.5949914757.594991475_58.23065107]	0.8984417657	0.003343348057	0.3960784314	-600730.55	1.015834675	128.4230883	129.4065711	false	false	false	false	0.251754386	115.47	119.082116	false	false	470.9643072	146.8144344	43.00547277	1	2	7	69.33858568	14.70564929	25.77514721	37.32759849	47.01880488	470.9643072	1109.417371	16	[11_5]	[928.4096119_181.0077589]	6333.883958	'agree'	1.656704972	8.143324912	20.15870014	20.58329095	5.709198471	16.42083402	12.01218164	12.56766602	10.58821811	12.91103488	3.518933306	15.96728219	1.656704972	1.656704972	17.24071937	-18.89932815	28.30407868	1.656704972	1.656704972	17.77836546	1.656704972	35.50145618	[1.656704972_17.77836546_1.135273242_17.24071937_38.33037727_9.835622127_49.19804045_35.50145618_14.69668101_12.73888165_28.30407868]	[470.9643072_146.8144344_65.87972089_46.73444878_43.00547277_35.40567661_30.82331047_28.13775371_23.4125407_22.52629711_14.70564929]	1	1	3	3	1.2303	5.9251	323.7412	36.0234	124.5000	124.0000	16	16	14	7	3	3	3	3	2	2	2	2	2	2	2	2	2	1	1	1	1	1	1	1	1	1	1	1	0	0	0	11	11	10	5	3	3	3	3	2	2	2	2	2	2	2	2	2	1	1	1	1	1	1	1	1	1	1	1	0	0	0	_
1237648703516770428	OK	lgspFitting_highErrPerLenForLongArc_2700.54|	unavailable	unavailable	Zwise	Swise	Swise	Swise	false	0.821187081	23.75065287	1.39863422	0.9439301404	2.293881624	9	0.6076712985	99.06975933	163.0318226	1.491838996	129.358892	128.9880177	[257_257]	0.3590919581	0.002794489947	[89.15264546_11.8478454111.84784541_237.9570402]	0.8745445934	0.001096043267	0.4588235294	-3271552.919	1.014212046	129.0998698	127.7692873	false	false	false	false	0.2253144233	108.5	88.933042	false	false	211.7482191	78.4823476	31.65337019	2	5	13	56.8255061	11.51681499	24.82408025	28.94942464	61.12332408	297.5225678	1647.939677	29	[14_15]	[984.7154492_663.2242278]	9116.200904	'disagree'	15.23840485	-0.2015159977	21.08249353	21.62672673	5.531877793	20.69294814	17.69058479	12.07654686	19.43161221	10.35343369	17.2315899	20.00217442	10.89723949	-4.070402409	15.92453149	-16.60032425	31.1616508	15.23840485	15.23840485	23.17839199	9.199641178	31.1616508	[15.23840485_15.92453149_31.1616508_8.288179134_11.571037_23.17839199_9.199641178_48.14508372_10.22037725_30.95626237_38.35109018_43.68896629_13.41144034_3.439117582]	[297.5225678_137.9037469_131.3849618_78.4823476_60.10571272_59.19809842_37.5177222_31.65337019_29.2141393_28.67962445_26.65328274_26.04736558_23.87582566_16.4766838]	1	1	2	1	0.5784	6.1858	13.4761	61.8750	18.0000	102.0000	29	29	25	10	10	9	8	6	5	5	4	4	4	4	4	4	2	2	2	2	1	1	1	1	0	0	0	0	0	0	0	14	14	13	6	6	6	5	4	4	4	3	3	3	3	3	3	1	1	1	1	1	1	1	1	0	0	0	0	0	0	0	_
1237648703516967076	OK	lgspFitting_highErrPerLenForLongArc_2219.45|	unavailable	unavailable	Zwise	Zwise	Zwise	Zwise	false	0.7504334731	15.57381376	-1.465977681	0.9533799534	2.644659829	8	0.7014107115	52.00948465	74.14982947	-1.487050424	52.37851274	53.14234964	[105_105]	0.63758124	0.01214440457	[22.05087157_1.8843816181.884381618_44.34124451]	0.9087392032	0.005073648163	0.4549019608	-403372.2488	1.022665104	128.75992	127.9312971	false	false	false	false	0.1604774536	80.77	70.913601	false	false	387.5407601	66.80698646	46.0512182	1	5	11	63.64787349	18.13422007	29.05453365	42.63120707	56.31778697	387.5407601	1463.90109	23	[11_12]	[394.7200215_1069.181069]	-6827.169989	'agree'	-1.214535897	-2.630073736	21.79672844	-23.40901876	-4.663682564	21.04531232	15.24922104	15.23536554	-13.63217239	15.24440041	-6.941517189	-17.59465947	-1.214535897	3.565386831	-12.24935798	19.71406434	-35.17057935	-9.317549651	-1.214535897	-16.79159707	-1.214535897	-36.8967597	[1.214535897_9.72984003_16.79159707_9.317549651_35.17057935_7.45492144_14.72169817_55.1646744_36.8967597_8.735707031_44.41884725_41.29151509]	[387.5407601_119.9005878_115.6361956_107.9789699_57.43243426_52.9738451_50.53627542_49.61367943_39.25285116_33.64504884_30.3000104_24.37041082]	1	1	1	1	0.6602	5.7983	354.7983	29.4766	170.0000	116.0000	23	23	21	12	9	6	5	5	4	4	4	4	4	4	4	1	1	1	1	1	1	1	1	1	1	1	0	0	0	0	0	12	12	12	8	7	5	4	4	4	4	4	4	4	4	4	1	1	1	1	1	1	1	1	1	1	1	0	0	0	0	0	_
1237648703517622488	OK	lgspFitting_highErrPerLenForLongArc_713.34|	unavailable	unavailable	EQ	Zwise	Zwise	Zwise	true	0.5859352417	23.32741197	-0.2197311377	0.9581907663	2.330259355	9	0.3927196267	68.69079714	174.9105277	-0.177079786	106.4822085	106.2737147	[211_211]	0.5544770327	0.005255706471	[261.7630958_39.4242585339.42425853_48.51462511]	0.8950571432	0.001503920394	0.4039215686	-2588572.307	1.022946811	127.9048625	128.1545657	false	false	false	false	0.2077276205	123.48	103.401877	false	false	160.2243743	90.19858471	59.06425126	2	5	11	74.87341781	18.73337176	29.04262997	52.7169186	90.01434658	424.2238406	1796.962028	24	[12_12]	[497.8366167_1299.125411]	-8085.055628	'agree'	-1.253342785	3.768257203	23.78907065	-20.02081345	-4.499291306	23.50030475	18.9354056	14.62731556	-16.20754244	14.61512173	-10.54241834	-16.35266903	-1.253342785	12.51534219	-23.23635497	30.74063907	-28.29551971	-14.243	-1.253342785	-25.64459653	-1.253342785	-40.61065155	[1.253342785_22.51150065_25.64459653_23.23635497_9.311682536_51.5790765_28.29551971_3.59861351_40.61065155_14.243_13.43646154_6.528961125]	[424.2238406_160.2243743_147.2652705_116.7072112_89.98729546_76.90932195_63.34145068_62.38322242_59.06425126_39.82374092_36.87055339_22.32487811]	1	1	1	1	0.3156	5.9016	68.3541	68.4492	168.5000	112.0000	24	24	21	13	12	12	10	8	8	8	7	7	6	4	4	3	3	2	1	1	1	1	1	1	1	1	1	0	0	0	0	12	12	12	9	9	9	8	6	6	6	5	5	4	4	4	3	3	2	1	1	1	1	1	1	1	1	1	0	0	0	0	_
1237648703519392027	OK	lgspFitting_highErrPerLenForLongArc_1998.10|	unavailable	unavailable	Zwise	Zwise	Zwise	Zwise	false	0.7500946712	10.27118109	-0.80916911	0.9450980392	2.509048252	9	0.9048074255	61.8633621	68.37185501	-0.3644328683	73.0160429	73.3833795	[145_145]	0.3837150231	0.005292621009	[37.20103283_2.2992688052.299268805_32.05078484]	0.8505928606	0.004610307674	0.4745098039	-1187605.885	1.035646568	128.6015332	129.6735925	false	false	false	false	0.2087597217	144.69	121.525736	false	false	317.6219706	106.3297561	61.37604655	2	4	9	78.72398698	17.55785158	22.98098196	49.06443737	93.98342005	380.6680437	1810.6517	23	[9_14]	[457.9931944_1352.658506]	-10317.24629	'agree'	-3.200008047	-3.263592336	21.12564986	-20.03402038	-5.698084443	21.96612254	18.67742859	12.88923455	-16.31437792	12.20710166	-12.52884634	-20.25024913	-7.135687566	3.391529088	-20.28378689	26.73131561	-37.63127095	-13.86483287	-3.200008047	-26.58797893	-3.200008047	-37.63127095	[3.200008047_13.86483287_26.58797893_39.70427899_37.63127095_20.28378689_7.135687566_12.01092162_29.53110777_12.34167826_32.9235331_19.76812824_1.952508578_23.54056345]	[380.6680437_317.6219706_122.5695647_97.5696229_95.90667406_88.21365801_60.21502609_53.27990144_30.6584904_25.778483_22.31554643_22.15994939_18.14372369_17.55785158]	2	2	4	3	1.2669	6.9697	294.6195	34.6680	45.5000	142.0000	23	23	20	14	11	10	10	8	8	8	8	8	6	6	4	3	2	2	2	2	2	2	2	2	2	1	0	0	0	0	0	14	14	12	8	8	7	7	6	6	6	6	6	5	5	3	3	2	2	2	2	2	2	2	2	2	1	0	0	0	0	0	_
1237648703520244096	OK	lgspFitting_highErrPerLenForLongArc_917.66|	unavailable	unavailable	Swise	Swise	Swise	Swise	false	0.8389669873	14.50211279	1.197131795	0.9292436975	2.595361786	9	0.7407486813	57.78836738	78.01345969	1.42007916	64.93132502	64.50420699	[129_129]	0.5005266891	0.007760103708	[27.83018502_3.3359411273.335941127_49.28949404]	0.8741045206	0.004294997309	0.4270588235	-744662.6603	1.036788089	128.5235735	127.6524043	false	false	false	false	0.1834215168	127.63	106.562635	false	false	159.8794189	92.85120412	52.62858245	2	6	12	77.68711479	20.22242497	35.39122821	50.41140874	87.26787969	362.8119705	1864.490755	24	[14_10]	[1068.2435_796.2472549]	5101.663029	'disagree'	0.2379037012	5.435688896	25.18210897	26.24382675	2.736223291	27.85191351	20.99017413	18.51022945	20.70578882	20.7419088	10.73478308	20.31831491	0.2379037012	-16.2068108	18.54029978	-27.94980051	48.9006337	14.48672239	0.2379037012	28.35655719	0.2379037012	59.03625592	[0.2379037012_59.03625592_18.69411332_26.59443883_14.22752489_18.54029978_56.22581428_39.97006666_48.9006337_12.3914516_14.48672239_11.44485219_28.35655719_18.30693999]	[362.8119705_137.5303204_92.85120412_81.68455527_75.49924997_60.81117439_38.14238544_37.49814943_36.26012655_34.52232987_32.25680905_31.18256897_26.97023111_20.22242497]	1	1	2	3	0.7676	6.4300	0.3645	29.7422	9.0000	117.0000	24	24	24	14	12	11	11	10	10	10	8	6	6	5	5	5	3	1	1	1	1	1	1	1	1	1	0	0	0	0	0	14	14	14	6	6	6	6	5	5	5	4	3	3	2	2	2	1	1	1	1	1	1	1	1	1	1	0	0	0	0	0	_
1237648703520309420	OK	lgspFitting_highErrPerLenForLongArc_1149.13|	unavailable	unavailable	Swise	Swise	Swise	Swise	false	0.7500256156	22.11596015	-0.4619084106	0.951082163	2.698947549	8	0.5540265779	63.20906205	114.0903064	-0.3369584463	77.57676013	77.32846093	[154_154]	0.1879302301	0.002440652339	[101.7858749_23.8154577923.81545779_42.146548]	0.9040215619	0.002600194443	0.3764705882	-1047136.181	1.015574137	129.1186958	128.1277784	false	false	false	false	0.2036282858	83.08	70.44965	false	false	394.5162271	83.40835043	62.11195621	1	5	10	67.601704	14.92639063	25.10772196	48.56483878	80.51351551	394.5162271	1419.635784	21	[11_10]	[947.1322469_472.5035371]	5701.916509	'agree'	0.4241210268	4.976911422	26.79131197	30.32421324	4.016464345	25.94354806	20.40236314	16.52099422	18.30042289	19.16648855	8.166755614	24.84234678	0.4241210268	-18.75900844	26.01062494	-28.27900336	47.34430848	10.1961192	0.4241210268	34.46284733	0.4241210268	49.48145824	[0.4241210268_26.01062494_10.1961192_49.48145824_13.10881459_38.23750416_54.82151357_47.34430848_34.46284733_25.88479058_33.59424353]	[394.5162271_99.38972852_89.17013875_79.54857054_71.03690756_62.11195621_48.56483878_33.80263425_25.94590041_22.59318661_20.4521582]	1	1	2	3	1.1248	5.5381	25.6937	46.1602	135.0000	107.0000	21	21	18	12	10	10	10	8	7	6	5	4	3	2	1	1	1	1	1	1	1	1	1	1	1	1	0	0	0	0	0	11	11	11	7	6	6	6	5	5	4	3	3	2	2	1	1	1	1	1	1	1	1	1	1	1	1	0	0	0	0	0	_
1237648703520309546	OK	lgspFitting_highErrPerLenForLongArc_2220.92|	unavailable	unavailable	Swise	Swise	Swise	Zwise	true	0.6394867295	13.15043349	0.4519509598	0.9528074866	2.537091149	10	0.7304864607	74.25922209	101.657219	0.05209484397	106.362228	107.1942677	[212_212]	0.7078056379	0.006677411678	[87.61430382_2.1275612142.127561214_46.92204137]	0.8196879064	0.00247248223	0.6156862745	-3027036.358	1.048449481	129.2849322	127.3466485	false	false	false	false	0.2814383704	146.68	126.198576	false	false	174.870332	88.87300608	64.87776884	3	7	14	78.21478165	18.56272433	36.44486372	64.56972994	86.00147822	283.5361473	2190.013886	28	[15_13]	[1277.886249_912.1276367]	14173.77627	'agree'	-1.20424968	3.801444671	19.51616302	21.76310051	6.472002923	22.17493267	18.77978759	13.45117239	21.63798691	13.89525208	20.20713386	21.91002751	4.679403661	-11.82285268	24.0602075	-24.50186309	34.91467149	19.39412586	6.381083471	34.76076264	3.26560815	39.15362596	[19.39412586_6.381083471_34.91467149_17.02023178_39.15362596_28.51950061_3.26560815_24.0602075_1.28102166_51.18561053_24.21937777_31.25595449_4.679403661_6.355322041_34.76076264]	[174.870332_160.9604321_156.8045788_93.96083557_88.87300608_83.12995036_82.91759682_76.87932921_71.10783257_69.14831556_64.26169104_57.14140625_39.208847_35.44470559_23.17739049]	1	3	3	1	1.5646	5.9513	20.4848	24.5430	107.5000	82.0000	28	28	26	19	17	16	15	13	12	11	9	7	6	5	5	5	5	4	2	1	1	1	1	1	0	0	0	0	0	0	0	15	15	15	12	12	12	11	10	9	8	7	5	4	3	3	3	3	2	0	0	0	0	0	0	0	0	0	0	0	0	0	_
1237648703520833728	OK	lgspFitting_highErrPerLenForLongArc_896.94|	unavailable	unavailable	Swise	Swise	Swise	Swise	false	0.847139643	15.11042583	-0.9844736446	0.9441692466	2.913805246	8	0.953217418	58.44919309	61.31779801	-0.1689233578	53.53390623	54.35975304	[106_106]	0.8604213603	0.01623436529	[30.198584_0.45850149660.4585014966_27.58838973]	0.898890918	0.005480714353	0.4588235294	-423490.8037	1.021201413	129.2307543	127.9648186	false	false	false	false	0.1383248731	113.4	92.688525	false	false	234.8763896	73.09203482	64.64831206	2	6	12	70.15323944	18.84763787	29.6319942	48.08912416	72.23063187	246.9012298	1753.830986	25	[14_11]	[1105.714369_648.1166176]	4063.013838	'agree'	5.042979629	5.953727158	22.98971701	25.84236086	2.316650732	22.71929621	16.74878194	15.52454813	15.12033647	15.25683027	10.73647545	21.80963672	5.042979629	-9.076577436	12.20812233	-24.78527194	29.38775186	5.60374829	5.042979629	22.73604134	5.042979629	42.50995177	[5.042979629_5.288913472_12.20812233_1.247985092_22.73604134_51.9523378_42.50995177_5.60374829_49.34810037_42.16372004_17.810606_29.38775186_26.65593099_49.83686308]	[246.9012298_234.8763896_213.088208_66.87237094_66.18980826_48.08912416_41.83327065_34.02330114_33.56132572_29.75329323_27.93408082_22.23932912_21.50499926_18.84763787]	3	3	5	3	1.1275	6.3060	276.3214	19.1953	16.0000	89.0000	25	25	24	16	12	12	12	11	7	5	4	3	3	3	3	3	3	3	3	3	2	1	0	0	0	0	0	0	0	0	0	14	14	13	7	5	5	5	5	3	3	3	3	3	3	3	3	3	3	3	3	2	1	0	0	0	0	0	0	0	0	0	_
1237648703520899459	OK	lgspFitting_highErrPerLenForLongArc_2734.51|	unavailable	unavailable	EQ	Zwise	Swise	Zwise	true	0.7211255013	11.29532019	-0.2369335552	0.9512841756	2.586501147	9	0.5824592833	43.09345741	73.98535597	-0.2719510828	58.09520961	58.59401783	[115_115]	0.601599576	0.01046260132	[41.64188273_7.475474077.47547407_16.91920711]	0.8905939706	0.006222545514	0.4078431373	-725041.2333	1.028067165	128.3554583	128.234152	false	false	false	false	0.1815699659	117.14	102.031734	false	false	105.0446195	58.78109343	48.34617683	2	7	14	56.25314545	11.5670139	25.22472652	46.53054251	58.64164166	339.6163284	1575.088073	28	[14_14]	[579.1045352_995.9835373]	1604.838773	'agree'	-1.520165929	5.066906228	26.82631187	-21.75940564	1.018888277	27.53683371	21.65524612	17.04011912	-16.3175795	13.76046346	-10.29836064	-21.37551799	-1.520165929	16.30581193	-20.63180415	50.82761685	-25.69007001	-17.41801071	-1.520165929	-25.39003284	-1.520165929	-33.81455859	[1.520165929_20.63180415_25.39003284_5.724027842_33.81455859_25.69007001_46.85554202_17.41801071_17.03936999_36.99846626_24.11849927_9.55072844_23.29059796_16.58980497]	[339.6163284_105.0446195_83.4475486_66.69714132_60.59569691_58.5021899_56.63272522_51.32465819_44.71490819_40.05541536_39.06352942_22.65534769_16.06641472_11.5670139]	1	1	1	5	1.0832	6.6484	299.9184	28.4180	45.5000	97.0000	28	28	25	17	12	10	6	5	4	4	4	3	3	3	2	1	1	1	1	1	1	1	1	1	1	0	0	0	0	0	0	14	14	12	10	8	7	5	4	3	3	3	2	2	2	2	1	1	1	1	1	1	1	1	1	1	0	0	0	0	0	0	_
1237648703521227072	OK	lgspFitting_highErrPerLenForLongArc_1793.79|	unavailable	unavailable	Swise	Swise	Swise	Swise	false	0.8765481493	16.14877323	-0.182385934	0.9372765681	2.443823406	9	0.7042777153	58.45532695	83.00039271	-0.5951559549	72.89343343	72.82778003	[144_144]	0.5120835992	0.007112272212	[47.68217596_13.256412513.2564125_37.07772134]	0.8780026475	0.003987144257	0.4666666667	-1068292.99	1.024807102	127.8431339	128.5495342	false	false	false	false	0.1884164223	142.72	118.483067	false	false	512.6611511	170.8181023	79.99207324	1	3	7	104.2548303	16.30930913	31.00260249	70.58822399	86.29930333	512.6611511	1876.586945	18	[13_5]	[1544.933405_331.6535397]	10600.72078	'agree'	9.596546712	6.137840285	16.60319728	15.74379523	5.648936658	16.26366197	13.1105867	11.15928772	11.39333143	9.386587154	8.90051524	10.60672745	9.557392433	2.905223331	9.596546712	-14.75604761	14.39919597	9.596546712	7.013492493	9.596546712	4.93938751	14.65257713	[9.596546712_9.557392433_7.013492493_2.069958269_14.39919597_4.93938751_45.71912111_31.20996809_7.621244493_14.65257713_30.47473004_24.51050048_2.905223331]	[512.6611511_343.8315541_170.8181023_129.1201481_85.27102906_78.25886093_74.43975837_34.92403109_31.00260249_27.69117397_23.19949412_17.40619038_16.30930913]	2	2	2	2	0.7158	6.6449	47.9001	41.5039	172.0000	143.0000	18	18	16	12	11	11	10	10	9	8	6	6	4	4	4	4	3	3	2	2	2	2	2	2	2	1	1	1	1	0	0	13	13	11	7	7	7	7	7	7	6	5	5	4	4	4	4	3	3	2	2	2	2	2	2	2	1	1	1	1	0	0	_
1237648703522210023	OK	lgspFitting_highErrPerLenForLongArc_1916.82|	unavailable	unavailable	Zwise	Swise	Swise	Swise	true	0.464717133	32.51142156	0.1850912803	0.9563242914	2.2047818	9	0.4688440371	84.73852852	180.739269	0.2556328965	126.8723868	126.070525	[253_253]	0.9381944964	0.007416557284	[277.8173742_55.8095868755.80958687_78.86042194]	0.8881486912	0.001158289508	0.5647058824	-3672558.24	1.016994325	128.3271777	128.1169537	false	false	false	false	0.184439473	156.74	124.541403	false	false	584.1178733	414.1891661	138.9822077	1	2	4	110.1375226	19.91756993	25.03015358	38.42695604	119.9030839	584.1178733	1652.062839	15	[7_8]	[1371.199632_280.8632068]	12877.87966	'agree'	7.090396547	-4.077213985	22.8803374	20.14620366	7.795030164	18.53339653	16.15778433	11.96558765	14.42953812	11.5057049	12.30719436	19.9764682	7.090396547	7.090396547	12.71619423	-21.47744714	34.37989156	12.71619423	7.090396547	14.12372033	7.090396547	45.41823418	[7.090396547_12.71619423_14.12372033_45.41823418_34.37989156_14.65846971_12.63651908]	[584.1178733_414.1891661_146.8107512_138.9822077_38.42695604_27.31613246_21.35654552]	2	2	2	2	0.4534	6.0489	308.1467	60.0469	23.5000	109.0000	15	15	14	7	6	5	5	4	4	4	4	4	4	4	4	4	3	2	2	2	2	2	2	2	2	2	2	1	1	1	0	7	7	7	4	4	4	4	4	4	4	4	4	4	4	4	4	3	2	2	2	2	2	2	2	2	2	2	1	1	1	0	_
1237648703522406797	OK	lgspFitting_highErrPerLenForLongArc_2448.77|	unavailable	unavailable	EQ	Zwise	Swise	Zwise	false	0.803907105	12.16740535	1.321238278	0.937745098	2.328288186	9	0.6593875829	69.7066561	105.7142383	1.197293411	97.55719777	97.33738239	[194_194]	0.1723835062	0.001777149549	[48.30121594_18.1838041118.18380411_87.57427331]	0.8400052826	0.002529672394	0.5294117647	-2281328.703	1.03902148	129.2306352	128.0224777	false	false	false	false	0.2344645218	159.99	133.014024	false	false	421.149988	310.0657868	172.6916256	1	3	4	140.0714342	20.96662639	32.94242538	71.45583727	241.3787062	421.149988	1680.85721	12	[6_6]	[428.4835959_1252.373614]	270.4930902	'agree'	-5.757631816	7.180987219	18.58132928	-11.40034206	0.1609256804	13.74840785	10.30963087	9.097039446	-6.810477361	4.59668884	-5.914709764	-8.943146455	-4.982716634	9.215230639	-5.757631816	22.90888945	-6.221740947	-5.757631816	-4.982716634	-6.221740947	-4.982716634	-6.221740947	[5.757631816_4.982716634_6.221740947_21.69102155_3.720551395_26.02839]	[421.149988_356.8505888_310.0657868_72.81938509_70.09228944_21.39557578]	3	3	1	1	0.5816	6.6604	343.0999	46.8125	4.5000	112.0000	12	12	12	9	8	8	7	7	7	5	5	5	5	5	5	4	4	4	3	3	3	3	3	3	3	2	1	0	0	0	0	6	6	6	5	5	5	5	5	5	3	3	3	3	3	3	3	3	3	3	3	3	3	3	3	3	2	1	0	0	0	0	_
1237648703522603269	OK	lgspFitting_highErrPerLenForLongArc_1190.31|	unavailable	unavailable	Zwise	Swise	Swise	Swise	true	0.6888990826	16.7496006	-1.085720081	0.9539215686	2.443383345	8	0.528580149	81.80271031	154.7593311	-1.114347483	106.7443765	107.0650383	[213_213]	0.2637675619	0.002476690722	[88.60933724_60.2361071960.23610719_181.7034334]	0.8742959543	0.001424619806	0.5019607843	-2156087.33	1.026787917	128.1243183	127.7915988	false	false	false	false	0.2672398352	108.11	91.370435	false	false	399.3567145	84.82242477	38.14970509	1	5	11	63.03319128	17.90488043	24.01392427	34.34447198	74.88160446	399.3567145	1575.829782	25	[12_13]	[918.9025246_656.9272573]	3142.363359	'disagree'	10.31586766	-0.883872973	23.38100935	23.43451706	1.994100756	23.41011959	19.31852675	13.37178602	18.27455702	12.92671473	13.62693629	20.11870263	10.31586766	-10.12244839	11.91819799	-35.76015503	39.29098315	10.31586766	10.31586766	24.96689911	10.31586766	43.57587886	[10.31586766_11.91819799_24.96689911_43.57587886_43.56649602_10.2106279_9.52203878_9.108418984_12.52738766_39.29098315_48.8656828_17.34572579]	[399.3567145_136.4555627_84.82242477_80.33014324_52.39023668_36.60928452_26.15177476_24.28595806_21.49635898_19.70305826_19.39612771_17.90488043]	1	1	1	2	0.6288	6.1251	7.6526	55.1953	161.5000	115.0000	25	25	22	10	9	8	8	7	7	6	6	4	4	3	3	3	2	1	1	1	1	1	1	1	1	1	0	0	0	0	0	12	12	9	5	5	4	4	4	4	4	4	2	2	2	2	2	1	1	1	1	1	1	1	1	1	1	0	0	0	0	0	_
1237648703523520869	OK	lgspFitting_highErrPerLenForLongArc_1061.15|	unavailable	unavailable	Swise	Swise	Swise	Swise	false	0.9376309735	23.30626509	-0.7865357505	0.9250157347	2.501718877	9	0.8308248081	98.99751542	119.1557046	-0.7247703711	111.9731603	111.9346683	[222_222]	0.6425085279	0.005788365116	[107.6219681_19.1516793419.15167934_102.9545747]	0.8830395683	0.00153761503	0.4901960784	-2308503.601	1.022201228	128.6993494	128.5834895	false	false	false	false	0.2336169234	82.51	72.486925	false	false	215.0193432	181.295621	35.58442986	2	3	9	62.38901081	15.80712485	24.82181476	30.89596083	47.88382988	263.4851651	1310.169227	21	[14_7]	[1006.950776_303.2184509]	7336.453612	'agree'	9.726924604	2.863105123	21.66842516	18.39864771	5.599622905	22.62572155	19.1110706	13.34338911	16.07585543	11.19068286	13.43567345	17.32013648	9.726924604	0.9285125883	26.29639934	-21.27787295	26.46833267	9.726924604	6.877803249	26.46833267	6.877803249	26.46833267	[9.726924604_6.877803249_26.46833267_26.29639934_18.53156068_42.21637762_26.44277213_8.148248804_4.860196242_0.9285125883_42.06949556_3.529908923_31.17988077_10.30465474]	[263.4851651_215.0193432_181.295621_50.22777063_44.75994324_44.41214362_33.45933516_30.2479646_28.709603_27.28530609_25.43687424_22.97663634_22.33739129_17.29767856]	4	3	1	1	1.6751	5.4510	312.4737	48.6836	84.0000	103.0000	21	21	18	8	5	4	4	4	4	4	4	4	4	4	4	4	3	3	3	2	1	1	1	0	0	0	0	0	0	0	0	14	14	13	6	4	3	3	3	3	3	3	3	3	3	3	3	3	3	3	2	1	1	1	0	0	0	0	0	0	0	0	_
1237648703524307076	OK	findClusterArcs_deletedAClusterThatIntersectedTheCenter_size=787|lgspFitting_highErrPerLenForLongArc_1411.95|	unavailable	unavailable	EQ	Swise	Zwise	Swise	false	0.8845227814	14.6666311	1.079001469	0.9381176471	2.434683209	8	0.9069582403	113.8363736	125.5144598	-1.165808722	105.9923258	106.6480321	[212_212]	0.5288161929	0.004988832008	[119.240562_9.0122827519.012282751_136.4002288]	0.8072471903	0.001246011642	0.5647058824	-1629941.117	0.9892282347	127.8782863	129.4371434	true	false	false	false	0.2723628163	119.41	103.175989	false	false	460.6276897	190.1235485	54.2204157	1	3	7	89.52882403	20.20429237	28.6726835	41.10015831	102.6686736	460.6276897	1611.518833	18	[9_9]	[1040.93867_570.5801622]	-3360.173811	'agree'	0.6910925889	0.5032576735	18.01067547	18.51393315	-2.085097452	17.67880882	12.36613432	12.80494571	7.958242404	12.50064768	3.578556342	11.58526835	0.6910925889	-18.23608628	1.376927861	-22.38962068	28.14716379	1.376927861	0.6910925889	5.851451078	0.6910925889	28.14716379	[0.6910925889_1.376927861_28.14716379_5.851451078_28.94186503_26.28101059_3.393036725_48.19400665_23.748844]	[460.6276897_261.4352939_123.1638553_47.77696758_40.05036708_32.88490007_28.6726835_26.12262093_20.20429237]	1	1	3	6	1.1265	6.6473	225.7041	8.9297	22.5000	25.0000	18	18	18	11	7	6	6	5	5	5	5	5	5	5	5	4	3	3	3	2	2	2	2	1	1	1	1	1	0	0	0	9	9	9	5	3	3	3	3	3	3	3	3	3	3	3	3	2	2	2	2	2	2	2	1	1	1	1	1	0	0	0	_
1237648703524963022	OK	lgspFitting_highErrPerLenForLongArc_1167.58|	unavailable	unavailable	Swise	Swise	Swise	Swise	false	0.9067533668	11.90390006	0.5734993253	0.9298731257	2.653712938	9	0.8415643677	77.81149589	92.46054001	-0.35033991	84.88093646	84.70212635	[168_168]	0.431239668	0.005133805572	[69.83171934_6.8019684146.801968414_53.70282249]	0.8616435545	0.002613254884	0.537254902	-1274857.086	1.02455537	129.6094632	129.8078925	false	false	false	false	0.1807703973	109.24	92.082293	false	false	418.8966609	126.6432282	40.67351811	1	4	11	71.51232504	14.68106151	31.91311692	40.28097791	64.01350741	418.8966609	1644.783476	23	[13_10]	[1099.880307_544.9031687]	11068.85828	'disagree'	1.024068547	4.766970069	21.0762544	22.86131395	6.729675026	21.54289284	15.72084756	16.19381702	16.78648501	18.57353618	10.78251794	24.25758045	1.024068547	-2.119598993	17.50919674	-20.93024619	43.91320859	8.212789857	1.024068547	37.8348654	1.024068547	52.87668548	[1.024068547_8.212789857_52.87668548_15.32650908_37.8348654_17.50919674_43.91320859_1.313474506_38.53099199_27.03762317_18.5197467_26.53807094_8.559850414]	[418.8966609_147.0612425_126.6432282_64.02202749_63.98794718_59.68094375_52.28445002_40.28097791_35.61515444_30.42568797_26.87634074_19.4245846_14.68106151]	1	1	2	1	0.9926	6.0423	57.9270	33.3984	168.0000	115.0000	23	23	21	13	9	8	7	5	5	4	4	4	4	4	4	4	3	2	2	1	1	1	1	1	1	1	1	0	0	0	0	13	13	11	8	7	6	5	3	3	3	3	3	3	3	3	3	2	1	1	1	1	1	1	1	1	1	1	0	0	0	0	_
1237648703525159202	OK	lgspFitting_highErrPerLenForLongArc_2028.35|	unavailable	unavailable	Swise	Swise	Zwise	Swise	true	0.736611114	12.63916805	0.8954473846	0.9558307534	2.69746476	9	0.8254666902	56.59568268	68.56204297	0.9496962208	63.44769137	64.16400964	[127_127]	0.5761458028	0.009073162248	[30.04156119_5.7388904835.738890483_33.95499126]	0.8887279063	0.005042497779	0.4235294118	-788005.0234	1.026227569	129.8440397	127.3211335	false	false	false	false	0.1968911917	119.12	97.919642	false	false	154.2183224	85.32686181	46.50773181	2	6	13	69.71957305	15.01652457	36.04166994	46.0671505	75.14586751	357.8207836	1812.708899	26	[14_12]	[1187.026479_625.68242]	-365.4126792	'agree'	1.758194601	-2.751637277	25.26167585	20.90217867	-0.2015837619	25.51979523	21.06081286	14.41328366	15.92707108	12.31475743	9.447764838	21.55725616	1.758194601	-23.14567238	18.56993759	-39.98262962	29.76443989	15.30310035	1.758194601	24.51341714	1.758194601	30.06099127	[1.758194601_18.56993759_30.06099127_15.30310035_29.69002609_12.4142576_23.1869718_24.51341714_19.88050515_52.1911326_12.32870073_13.23249414_3.719413797_35.78135857]	[357.8207836_154.2183224_127.0709098_113.0993161_75.14586751_69.95848337_62.02310857_45.17775776_37.85823432_37.52759814_36.39980846_32.85783216_22.85193252_15.01652457]	1	1	3	2	1.2163	6.6529	8.4136	24.9609	44.0000	104.0000	26	26	24	15	12	12	12	11	7	7	6	6	5	5	5	3	2	1	1	1	1	1	1	1	1	1	0	0	0	0	0	14	14	13	8	7	7	7	6	5	5	4	4	4	4	4	3	2	1	1	1	1	1	1	1	1	1	0	0	0	0	0	_
1237648704040534123	OK	lgspFitting_highErrPerLenForLongArc_2011.06|	unavailable	unavailable	Swise	Swise	Swise	Swise	false	0.856135837	13.84474108	-1.465180782	0.9343443627	2.779654528	8	0.940412568	65.78211798	69.95027525	-0.1410879256	66.97477906	67.22790091	[133_133]	0.2292922128	0.003448003201	[40.00038168_0.64538390170.6453839017_35.5481006]	0.85109864	0.004218484148	0.4274509804	-789584.7615	1.038728606	127.59085	128.2511334	false	false	false	false	0.2398662766	142.32	117.972261	false	false	469.6964367	185.2353556	32.93112951	1	3	12	58.97416119	14.5244771	23.62243198	30.8732375	37.07051994	469.6964367	1710.250675	29	[17_12]	[1285.10876_425.1419145]	6848.736498	'agree'	8.082718374	-0.4132627532	20.20308628	16.87955536	4.004522027	19.16862592	15.21304233	12.33027817	12.7875762	10.68690429	10.09265166	16.83804446	8.082718374	2.489442027	10.20910819	-26.68062131	17.59400192	9.9997412	8.082718374	10.20910819	8.082718374	20.39927413	[8.082718374_9.9997412_10.20910819_54.19874596_13.4119361_2.489442027_5.013758773_17.59400192_6.297932814_18.96759332_28.1985958_20.39927413_33.81271367_17.43921694_17.13028284_16.533391_7.17398805]	[469.6964367_214.131424_185.2353556_61.26822224_39.64702345_36.21168544_34.10967645_32.93112951_30.8732375_29.42386778_24.18201005_24.04873064_23.68447805_23.43629375_20.55525177_18.06683685_17.60710025]	1	1	1	1	0.9990	4.8946	74.4163	15.2539	172.5000	55.0000	29	29	25	6	5	5	5	4	4	4	4	4	4	4	4	3	3	3	3	2	1	1	1	1	1	1	1	1	0	0	0	17	17	15	4	4	4	4	3	3	3	3	3	3	3	3	3	3	3	3	2	1	1	1	1	1	1	1	1	0	0	0	_
1237648704042434653	OK	lgspFitting_highErrPerLenForLongArc_1826.99|	unavailable	unavailable	Swise	Swise	Swise	Swise	false	0.9412839451	29.89655103	-0.7760224108	0.9444779116	2.153973596	8	0.6477672305	118.8851984	183.5307388	-0.7277823092	126.7912883	126.0367132	[253_253]	0.9856378519	0.007791603573	[230.3640987_89.358124489.3581244_209.6786829]	0.8842452664	0.0007909782411	0.4745098039	-2320389.843	1.024728449	128.7187911	128.6499781	false	false	false	false	0.3417709782	92.69	78.679327	false	false	491.8704173	248.5075985	88.95884015	1	2	4	117.7825713	14.4919184	32.20529525	55.10685747	171.8657306	491.8704173	1295.608284	11	[6_5]	[1052.347551_243.260733]	1820.494375	'agree'	7.264318328	-7.284112998	28.50437861	19.45191015	1.405127149	22.48145102	15.88142237	15.97405539	10.64125476	11.03460021	8.119433911	17.64233665	7.264318328	2.213993162	7.264318328	-28.74564747	15.21075214	7.264318328	7.264318328	15.21075214	2.213993162	15.21075214	[7.264318328_2.213993162_15.21075214_49.93182_32.65649756_9.434079698]	[491.8704173_248.5075985_199.5013608_55.10685747_32.19726311_25.16405391]	1	1	1	1	1.0595	6.2456	265.8011	74.4336	37.5000	110.0000	11	11	10	7	6	6	5	4	4	4	4	4	3	3	3	3	3	3	3	2	2	2	1	1	1	1	1	1	0	0	0	6	6	6	4	4	4	3	3	3	3	3	3	3	3	3	3	3	3	3	2	2	2	1	1	1	1	1	1	0	0	0	_
1237648704044466436	OK	lgspFitting_highErrPerLenForLongArc_2273.26|	unavailable	unavailable	Zwise	Zwise	Zwise	Swise	true	0.7368953097	14.64693686	0.7182789494	0.9557960784	2.482136323	8	0.7415674334	62.57046603	84.3759626	1.146324634	62.68281129	62.54997694	[125_125]	0.5505719113	0.008809150581	[36.88764643_9.9490550549.949055054_54.40497856]	0.8952655978	0.003626970336	0.5137254902	-574527.6845	1.015920676	129.5660263	127.1200562	false	false	false	false	0.2755936162	116.89	95.093625	false	false	158.1944393	94.18317165	41.00539547	2	5	11	64.78203408	17.71097803	25.09285666	39.85034233	73.48202154	308.9695869	1554.768818	24	[8_16]	[666.0763478_888.6924701]	-3354.438789	'disagree'	4.579751212	-4.574244651	20.49582424	-18.80255167	-2.157516121	21.46233044	16.32599929	14.09781014	-16.16846906	12.84827551	-14.381686	-16.13152972	-4.277260349	4.579751212	-16.96231675	21.72011865	-25.35040198	-15.32942013	-4.277260349	-22.84993424	-3.708096307	-34.94736187	[4.277260349_16.96231675_7.801551576_15.32942013_22.84993424_52.06839755_13.07792104_35.49387879_34.94736187_2.557274874_3.708096307_2.966623463_25.35040198_25.22135169_29.46034436_8.768691671]	[158.1944393_151.2901603_94.18317165_77.76935307_46.25965103_45.70134093_42.85647727_41.00539547_40.75297343_38.94771123_36.68182195_27.79594651_25.9187468_22.02785405_21.59644913_17.71097803]	1	2	2	2	0.9261	6.8940	11.1796	33.3047	35.5000	98.0000	24	24	22	12	7	7	7	7	6	6	5	5	5	4	4	4	4	1	1	1	1	1	1	1	1	0	0	0	0	0	0	16	16	15	9	4	4	4	4	4	4	3	3	3	2	2	2	2	0	0	0	0	0	0	0	0	0	0	0	0	0	0	_
1237648704044925049	OK	input_lowMinorAxisResolution_38.20pixels|lgspFitting_highErrPerLenForLongArc_2808.00|	unavailable	unavailable	Swise	Zwise	Swise	Zwise	false	0.9544355307	14.65513811	-1.334896502	0.9210013565	2.597714529	9	0.5717277257	38.20054859	66.81598053	-0.240118837	49.43038139	49.1316792	[98_98]	0.374842581	0.007649848592	[33.79206511_5.4622460195.462246019_12.82024718]	0.8783201018	0.007776111736	0.4588235294	-490526.9365	1.014032122	129.3195879	129.6883994	false	false	false	false	0.2708894879	148.71	123.923993	false	false	272.8967711	112.7506776	83.30611928	2	4	8	85.31397927	22.6886371	26.94088982	58.74930189	108.8444465	335.2932061	1620.965606	19	[12_7]	[627.6943133_993.2712928]	1552.331722	'agree'	-9.803140435	5.634121272	23.44009593	-24.16525131	0.9576586424	28.85138865	23.29707028	17.04600403	-18.22836227	14.07073562	-13.24671626	-19.24671376	-9.803140435	24.07709608	-12.53711498	45.21764595	-34.01338755	-12.53711498	-9.803140435	-16.6190129	-8.646158927	-34.01338755	[9.803140435_12.53711498_8.646158927_34.01338755_53.76455901_16.6190129_33.7733854]	[335.2932061_272.8967711_117.2681835_112.7506776_93.46460359_32.46744363_29.13040732]	2	2	4	2	0.5692	6.8195	65.7422	31.2656	169.5000	123.0000	19	19	19	11	10	10	9	9	8	8	8	7	7	6	6	2	2	2	2	2	2	2	2	1	1	0	0	0	0	0	0	7	7	7	5	5	5	5	5	5	5	5	5	5	4	4	2	2	2	2	2	2	2	2	1	1	0	0	0	0	0	0	_
1237648704044990592	OK	lgspFitting_highErrPerLenForLongArc_2415.94|	unavailable	unavailable	Zwise	Zwise	Swise	Zwise	false	0.7565538837	12.55643771	0.2708672111	0.9343763037	2.395696965	9	0.8595352167	66.24756052	77.07370127	0.2289406222	70.57516665	69.84292738	[139_139]	0.5962285517	0.008578828082	[48.37168831_2.8306443812.830644381_36.88397926]	0.8727337125	0.003759048214	0.3764705882	-854457.398	1.029672098	127.0981266	129.6765864	false	false	false	false	0.1917808219	125.22	103.549743	false	false	183.4173643	117.2999113	78.91509058	2	4	9	93.75537299	18.50407198	36.60035842	74.90307195	112.7400614	427.2206153	1781.352087	19	[9_10]	[702.5961633_1078.755924]	173.3628189	'agree'	-5.535163683	3.250467424	16.62038692	-12.70142352	0.09732091715	18.52415188	13.91179266	12.23174964	-11.40593415	5.962506215	-9.711870623	-10.93389653	-5.535163683	4.137029447	-14.52122955	28.30370229	-16.97454484	-11.13938575	-5.535163683	-16.97454484	-5.535163683	-19.21326385	[5.535163683_16.97454484_11.13938575_19.21326385_16.89873077_14.52122955_21.95465998_16.07099296_2.142408486_2.563855288]	[427.2206153_183.4173643_117.2999113_109.3668111_74.90307195_52.24184134_34.97342828_32.17413126_28.65467687_18.50407198]	1	1	1	2	0.9120	6.4814	292.1173	24.3789	9.0000	93.0000	19	19	18	14	11	10	10	10	10	9	8	8	7	6	6	3	3	3	2	1	1	1	1	1	1	1	1	0	0	0	0	10	10	9	6	6	5	5	5	5	4	4	4	4	4	4	2	2	2	2	1	1	1	1	1	1	1	1	0	0	0	0	_
1237648704046301389	OK	lgspFitting_highErrPerLenForLongArc_1693.19|	unavailable	unavailable	Swise	Zwise	Swise	Zwise	false	0.8221937974	13.6109939	-0.04931359309	0.9329120078	2.818055476	8	0.8494828874	45.37624583	53.41631539	-0.8002204657	43.25261584	42.36005192	[84_84]	0.7655168608	0.01822659192	[19.16789893_3.1129253213.112925321_19.35251589]	0.889369489	0.00825672802	0.4960784314	-255029.1522	1.039344584	130.2918466	130.1866879	false	false	false	false	0.1580882353	143.88	113.783238	false	false	445.8826568	59.05272811	42.82605763	1	4	10	67.50765605	18.23302703	36.43075474	42.44027371	54.76093327	445.8826568	1350.153121	20	[12_8]	[496.098112_854.055009]	2147.104125	'agree'	-1.929518268	4.478492039	18.62762918	-17.68642142	1.590267127	18.4327692	12.59954256	13.54796875	-8.702137119	10.80855652	-4.348523518	-15.17856692	-1.929518268	10.2507575	-1.929518268	34.85893097	-26.39803658	-1.929518268	-1.929518268	-17.86055954	-0.8713431519	-28.40322775	[1.929518268_0.8713431519_26.39803658_30.45106031_11.94367984_23.63394594_28.40322775_17.86055954]	[445.8826568_131.0202728_59.05272811_55.25361821_53.44520021_39.31863689_37.64752206_32.434374]	1	1	5	3	1.0837	5.5743	290.1507	16.7578	66.0000	96.0000	20	20	18	12	7	5	3	3	3	3	3	3	2	2	2	2	1	1	1	1	1	1	1	1	1	1	1	0	0	0	0	8	8	8	5	5	4	2	2	2	2	2	2	2	2	2	2	1	1	1	1	1	1	1	1	1	1	1	0	0	0	0	_
1237648704046563336	OK	lgspFitting_highErrPerLenForLongArc_1197.92|	unavailable	unavailable	Swise	Zwise	Swise	Zwise	false	0.8159265431	41.45965407	1.301925985	0.9382290722	2.116579498	8	0.6081076716	185.1383487	304.4499475	1.330714182	228.1598341	227.7530002	[456_456]	0.8208054625	0.003600023959	[374.1321749_134.318431134.318431_889.9284716]	0.8498364197	0.0002827462668	0.3333333333	-8930098.825	1.021084142	128.7159175	128.1651066	false	false	false	false	0.281135338	104.8	93.357026	false	false	554.8410582	244.9163609	74.07061361	1	2	4	114.4564852	23.03387505	31.47037167	42.04436244	125.5969421	554.8410582	1259.021337	11	[7_4]	[409.4407523_849.5805846]	775.4459865	'agree'	-4.08491816	2.840129707	16.60013949	-18.92001345	0.6159117115	12.563421	9.793665079	7.893226139	-6.800406885	6.574645011	-6.600344525	-18.28509176	-4.08491816	14.33570914	-4.08491816	17.59225957	-7.800989274	-4.08491816	-4.08491816	-7.800989274	-4.08491816	-7.800989274	[4.08491816_7.800989274_34.88217123_28.91197516]	[554.8410582_244.9163609_26.78929041_23.03387505]	1	1	6	0	0.4925	5.0850	355.7443	153.5000	9.5000	135.0000	11	11	11	6	4	4	4	4	4	3	3	3	3	3	3	3	3	2	2	2	2	2	1	1	1	1	1	1	1	1	0	4	4	4	2	2	2	2	2	2	2	2	2	2	2	2	2	2	2	2	2	2	2	1	1	1	1	1	1	1	1	0	_
1237648704046628971	OK	lgspFitting_highErrPerLenForLongArc_4558.82|	unavailable	unavailable	Zwise	Zwise	Swise	Swise	false	0.7835118299	16.77077373	0.8690542716	0.9407707911	2.408614802	8	0.7888601026	89.49859313	113.4530607	-0.02490589148	93.94974493	95.06483417	[187_187]	1.066019406	0.01140127707	[111.652728_1.0501231781.050123178_69.52396065]	0.8576575379	0.001797349389	0.5019607843	-1410386.065	1.028948333	129.4662511	128.3515879	false	false	false	false	0.3086838535	137.72	112.681448	false	false	468.9791452	359.0386569	41.04041612	1	2	8	75.60617281	20.33833665	26.47975183	35.12893749	54.86910064	468.9791452	1512.123456	20	[7_13]	[728.3811181_783.742338]	3236.038782	'disagree'	5.017930047	0.5989478654	18.32380493	-13.63450544	2.140062552	16.7843123	11.20185948	12.68114157	-8.741747781	11.03378377	-2.938029352	-10.24336762	-0.3686707738	5.017930047	-0.9599828476	27.23660856	-23.55433381	-0.9599828476	-0.9599828476	-20.84362129	-0.9599828476	-26.16960928	[0.9599828476_25.54056263_6.70231073_23.55433381_31.15765997_20.84362129_2.089640083_0.3686707738_3.3962471_0.09948041313_6.673300381_29.69315138_26.16960928]	[359.0386569_69.38467958_68.75566025_37.84761223_35.82949357_33.82176903_32.89845832_27.60173958_25.35776409_24.76551915_24.64036968_23.46227904_20.33833665]	2	1	2	1	1.3498	6.8022	345.5730	35.4883	77.0000	84.0000	20	20	20	8	5	5	5	4	2	2	2	2	2	2	2	2	2	2	2	2	2	2	2	2	2	2	1	1	0	0	0	13	13	13	3	3	3	3	3	1	1	1	1	1	1	1	1	1	1	1	1	1	1	1	1	1	1	0	0	0	0	0	_
1237648704047284273	OK	lgspFitting_highErrPerLenForLongArc_1683.31|	unavailable	unavailable	Swise	Swise	Swise	Swise	true	0.3315820913	29.1031556	-0.343043808	0.9542249187	2.285913345	9	0.8728041038	93.6274674	107.2720293	-0.7694159831	95.25789449	93.53121964	[190_190]	1.983610643	0.02088011204	[88.25800017_11.8760386411.87603864_87.49852153]	0.862971787	0.001764106978	0.4745098039	-1487177.993	0.9981856519	127.8518385	129.2672947	false	false	false	false	0.317620651	132.18	106.924772	false	false	423.3984116	178.6058494	129.0471991	1	3	5	86.14338881	13.38071483	20.22930275	41.81515382	141.3400878	423.3984116	1464.43761	17	[10_7]	[948.619883_515.8177268]	5020.476833	'agree'	9.468472649	3.145406527	16.54045734	16.73298429	3.428262699	14.45477225	12.93288517	7.309850007	12.62880987	8.324845518	12.98252563	20.42256381	9.468472649	-10.06952616	9.468472649	-12.62105843	17.32970392	9.468472649	9.468472649	17.32970392	4.53485045	18.56394015	[9.468472649_17.32970392_4.53485045_6.282813943_38.2827544_18.56394015_38.67268005_1.609880458_21.80289489_10.78185197]	[423.3984116_205.5734507_129.0471991_50.89606419_41.81515382_30.52663918_21.28795033_17.05336_15.64093931_13.38071483]	1	1	2	1	1.2682	7.2826	352.9157	40.4492	127.0000	120.0000	17	17	13	9	6	5	5	5	5	5	5	5	5	5	5	5	4	4	2	2	1	1	1	1	1	1	1	0	0	0	0	10	10	7	5	4	3	3	3	3	3	3	3	3	3	3	3	2	2	2	2	1	1	1	1	1	1	1	0	0	0	0	_
1237648704047743174	OK	preprocessing_largeCenterDriftAndNoStarMaskAvailable|lgspFitting_highErrPerLenForLongArc_2557.41|	unavailable	unavailable	Zwise	Zwise	Swise	Zwise	true	0.5866454176	27.95764564	-0.2625973717	0.9356054399	2.424798748	9	0.4430157595	80.37300731	181.4224564	-0.1659675908	136.9661004	135.0873152	[279_279]	5.773995083	0.04139064576	[287.067614_38.4370281838.43702818_64.04291161]	0.8634216785	0.001118694556	0.4745098039	-5771870.085	0.9982529389	128.3683974	128.3278757	false	false	false	false	0.2423612014	139.73	118.951063	false	false	209.2326386	107.3249696	50.27554296	2	5	11	77.63123732	22.75995537	34.58417849	49.59551223	98.65229188	361.3146141	1785.518458	23	[11_12]	[658.5196207_1126.998838]	1754.238388	'agree'	-2.340177856	2.472288322	25.04460841	-21.63180675	0.9824812394	25.07200493	19.8042735	15.40653926	-14.90980131	14.57529313	-8.458077778	-22.96799085	-2.340177856	27.57800426	-13.38852065	31.71382881	-36.50125767	-7.536136494	-2.340177856	-31.88443921	-2.340177856	-40.84136954	[2.340177856_7.536136494_13.38852065_40.84136954_32.86442333_13.83387531_5.110713123_36.50125767_45.60038126_31.88443921_25.35158008_4.328806498]	[361.3146141_209.2326386_149.2001988_127.8773294_58.56077459_37.37329115_35.97525795_34.12048534_33.77156116_32.30315402_24.50957736_22.75995537]	1	1	4	2	0.7439	6.3041	295.9908	52.8984	35.5000	98.0000	23	23	23	13	11	10	7	7	7	7	6	6	6	6	6	4	3	2	2	2	1	1	1	1	1	1	0	0	0	0	0	12	12	12	5	5	5	4	4	4	4	4	4	4	4	4	4	3	2	2	2	1	1	1	1	1	1	0	0	0	0	0	_
1237648704048005308	OK	lgspFitting_highErrPerLenForLongArc_794.70|	unavailable	unavailable	Swise	Zwise	Zwise	EQ	true	0.7085788814	14.30094468	0.8966758861	0.9547804963	2.707032433	8	0.5540180632	61.78509664	111.521809	0.9430063786	76.46128533	76.28204719	[153_153]	0.8975910744	0.01173321666	[57.26777083_34.5533142734.55331427_79.80267332]	0.8893358623	0.00270503562	0.337254902	-1065351.742	1.028906082	129.158658	127.9619766	false	false	false	false	0.1706877926	87.8	74.109489	false	false	404.9705781	93.05172197	41.58433466	1	4	11	64.41263451	16.7637355	26.13245363	37.32377826	69.5809614	404.9705781	1545.903228	24	[14_9]	[564.0787246_576.8539256]	-69.74310777	'disagree'	0	5.171706262	20.85353486	-20.9091048	-0.04511479535	23.07178698	16.68727476	15.93249042	-22.42045506	16.78246377	-21.31701886	-20.36506383	0	-16.17569239	16.95091198	-25.37157167	29.93651632	-16.17569239	-16.17569239	-25.37157167	-0.4363365363	-54.10718511	[16.17569239_25.37157167_54.10718511_0.4363365363_2.012146506_38.36843297_13.97208592_16.81761181_20.92088032]	[159.1378456_121.2913393_93.05172197_66.21833963_48.57250446_28.77941249_21.45508629_20.92109237_17.42658345]	1	1	5	3	0.7141	6.1258	356.0303	39.2852	32.0000	113.0000	24	24	22	12	8	7	7	7	6	5	5	4	4	3	3	3	2	1	1	1	1	1	1	1	1	1	1	0	0	0	0	9	9	8	5	4	4	4	4	3	3	3	3	3	2	2	2	1	0	0	0	0	0	0	0	0	0	0	0	0	0	0	_
1237648704048464089	OK	lgspFitting_highErrPerLenForLongArc_2996.79|	unavailable	unavailable	Swise	Zwise	Swise	Zwise	true	0.7367495299	19.32919592	-0.06621341827	0.9500761035	2.551273444	8	0.5564579234	77.622812	139.494486	-0.1116072383	100.1256345	100.5622125	[203_203]	2.362303792	0.02327392899	[168.1918921_12.9626053212.96260532_53.98244641]	0.8788904809	0.001627167103	0.4352941176	-2028651.021	1.011950759	129.3383626	128.2256936	false	false	false	false	0.2438528754	105.89	89.645029	false	false	466.0912947	71.86694402	48.20317793	1	4	11	68.58960708	17.89479497	32.61004683	44.36489064	53.93208181	466.0912947	1577.560963	23	[13_10]	[496.3590222_1081.201941]	24.72351735	'agree'	-2.711038505	7.006734612	22.99476607	-18.38623618	0.01567198855	20.19047885	15.1384113	13.35979735	-11.03264908	12.50762414	-6.712858499	-15.3816223	-2.711038505	15.37706261	-8.605372032	27.36688495	-17.35496466	-3.651203704	-2.711038505	-14.10443804	-2.711038505	-38.57820466	[2.711038505_14.10443804_8.605372032_6.755890009_3.592678409_40.78696744_38.57820466_17.35496466_3.651203704_47.72160432]	[466.0912947_205.84467_71.86694402_62.78166771_52.37810021_51.48602103_49.83647638_48.30599987_40.73415201_31.87661465]	1	1	2	2	2.0037	5.9708	27.6054	69.9492	124.0000	136.0000	23	23	21	15	8	5	5	4	4	3	2	2	2	2	2	2	2	2	2	2	1	1	1	1	1	1	1	1	0	0	0	10	10	10	9	6	4	4	3	3	2	2	2	2	2	2	2	2	2	2	2	1	1	1	1	1	1	1	1	0	0	0	_
